CNID,NPS,컨설턴트만족도,성별,연령대,제품대,제품중,통화시간(초),오디오길이(초),총발화수,고객발화수,타임스탬프방식,고객평균감성,baseline_F0,baseline_Energy,baseline_ZCR,baseline_Jitter,baseline_Shimmer,baseline_HNR,초기_감성,탐색_감성,해결시도_감성,결과제시_감성,종료_감성
2117041265,10,5,남성,65~74세,생활가전,청소기,221,221.0,36,18,forced_alignment,0.026,196.3,0.0588,0.0761,2.48,13.83,0.1,0.217,-0.012,0.002,-0.108,
2208013617,10,5,남성,50~64세,주방가전,김치냉장고,172,171.0,28,14,forced_alignment,0.008,158.4,0.0254,0.0841,2.03,14.68,0.6,0.257,-0.043,0.064,-0.183,
2142100902,10,5,남성,50~64세,TV/AV,TV,196,198.0,9,5,forced_alignment,-0.093,156.6,0.0305,0.0742,1.63,12.53,1.0,-0.061,-0.282,,,0.0
2119082069,10,5,여성,50~64세,생활가전,세탁기,230,232.1,57,29,forced_alignment,0.028,200.1,0.0268,0.105,2.57,15.5,-0.7,0.097,0.026,0.011,-0.075,0.137
2182085312,10,5,여성,50~64세,주방가전,냉장고,194,194.0,31,15,forced_alignment,-0.005,220.4,0.0372,0.0828,2.1,13.35,-0.9,-0.045,-0.058,-0.115,-0.084,0.308
2145047978,10,5,여성,50~64세,기타제품,기타제품,139,137.0,30,15,forced_alignment,0.013,226.4,0.0389,0.0959,2.26,13.68,0.7,0.089,-0.047,-0.061,0.194,
2141018220,10,4,여성,65~74세,TV/AV,TV,125,124.1,19,9,forced_alignment,0.022,229.4,0.0421,0.0913,2.68,16.25,-3.7,-0.137,0.038,0.034,0.251,
2175042322,10,5,여성,50~64세,생활가전,스타일러,176,176.0,20,10,forced_alignment,0.059,229.4,0.0294,0.0908,1.93,15.73,-0.6,0.109,0.107,-0.03,0.312,
2147006533,10,5,남성,20~39세,에어컨/에어케어,공기청정기,187,185.0,38,19,forced_alignment,-0.03,176.0,0.0272,0.1014,2.37,18.1,-2.7,0.113,-0.042,-0.122,0.053,-0.122
2216041207,10,5,남성,75세 이상,생활가전,스타일러,194,195.1,52,26,forced_alignment,-0.036,161.4,0.0427,0.1117,2.1,16.27,-0.8,-0.229,-0.103,0.019,0.003,0.285
2107104986,10,5,여성,40~49세,주방가전,광파오븐/전자레인지,211,212.0,47,24,forced_alignment,-0.051,200.0,0.0146,0.1201,2.59,15.68,1.5,0.057,-0.132,-0.024,-0.001,-0.07
2105069693,10,5,남성,50~64세,주방가전,광파오븐/전자레인지,228,227.0,56,28,forced_alignment,-0.007,190.1,0.0358,0.0889,2.0,15.5,-2.0,-0.084,-0.099,-0.021,0.065,0.321
2183061079,9,5,남성,65~74세,생활가전,세탁기,186,187.1,12,6,forced_alignment,0.043,180.5,0.052,0.0695,2.42,16.06,-1.5,0.018,0.048,0.173,,-0.048
2103025541,10,5,여성,50~64세,PC/모니터,모니터,228,230.0,52,26,forced_alignment,0.002,186.8,0.0318,0.0865,2.11,16.85,-0.2,-0.01,-0.018,-0.102,0.062,0.157
2175047615,10,5,여성,40~49세,생활가전,세탁기,201,200.0,35,17,forced_alignment,-0.008,209.6,0.0277,0.0998,2.12,15.89,-1.4,0.019,0.031,-0.141,0.045,0.149
2131055769,10,5,남성,65~74세,생활가전,청소기,232,232.1,51,26,forced_alignment,0.023,201.1,0.0373,0.0997,2.31,15.73,-0.6,0.133,-0.045,-0.009,0.041,0.136
2194002191,10,5,남성,50~64세,TV/AV,TV,206,207.0,33,17,forced_alignment,-0.027,216.6,0.0251,0.0995,2.23,21.83,-0.5,-0.039,0.024,-0.022,-0.08,-0.041
2197013315,10,5,남성,40~49세,TV/AV,TV,236,233.1,54,27,forced_alignment,-0.068,175.8,0.0267,0.0736,2.71,18.02,-3.0,-0.013,-0.136,-0.038,-0.12,-0.005
2177107887,10,5,여성,20~39세,생활가전,세탁기,202,204.1,15,8,forced_alignment,0.028,236.6,0.0373,0.1002,2.08,14.84,-0.3,-0.144,-0.128,0.037,0.345,0.112
2204037789,10,5,남성,50~64세,PC/모니터,노트북,121,121.0,28,14,forced_alignment,-0.088,180.7,0.052,0.0966,2.43,18.0,-4.0,-0.076,-0.114,-0.059,-0.088,-0.076
2148094159,10,5,여성,50~64세,TV/AV,TV,154,154.0,23,11,forced_alignment,0.047,225.2,0.0356,0.0892,2.35,16.15,-2.6,0.232,0.052,0.053,-0.08,0.104
2183052173,10,5,남성,65~74세,에어컨/에어케어,에어컨,208,209.0,41,21,forced_alignment,-0.034,162.0,0.0262,0.1069,2.69,13.72,-1.6,-0.088,-0.106,0.0,0.085,0.094
2117028101,9,5,남성,20~39세,PC/모니터,노트북,196,197.1,29,15,forced_alignment,0.001,156.4,0.0193,0.113,2.19,15.73,-3.3,0.024,-0.14,0.061,-0.143,0.156
2145088538,10,4,남성,65~74세,PC/모니터,노트북,148,150.1,48,24,forced_alignment,-0.059,170.4,0.0637,0.0955,2.33,15.74,-2.1,-0.13,-0.039,-0.043,-0.103,-0.044
2204050158,10,5,여성,50~64세,주방가전,냉장고,218,220.0,26,13,forced_alignment,-0.085,281.8,0.0177,0.1248,2.84,19.87,-0.3,-0.155,0.044,-0.138,0.04,
2170030419,10,5,남성,65~74세,에어컨/에어케어,에어컨,131,132.1,28,14,forced_alignment,0.079,138.2,0.0502,0.1205,2.05,14.17,-2.3,-0.012,-0.021,0.038,0.155,0.338
2126047770,10,5,여성,20~39세,PC/모니터,노트북,184,183.0,33,16,forced_alignment,-0.019,225.7,0.0331,0.0924,2.06,14.64,0.0,0.012,-0.102,-0.013,-0.05,0.051
2209011369,10,5,여성,40~49세,에어컨/에어케어,제습/가습기,223,223.1,32,16,forced_alignment,0.005,217.3,0.0266,0.1229,2.09,12.31,-0.8,0.08,0.015,-0.114,-0.068,0.135
2159061216,9,5,여성,50~64세,생활가전,청소기,233,235.0,28,14,forced_alignment,0.008,274.5,0.0323,0.0794,2.39,13.42,-2.4,0.055,-0.004,0.011,-0.079,
2121113226,10,5,남성,75세 이상,TV/AV,TV,212,214.1,48,24,forced_alignment,-0.037,172.1,0.04,0.102,2.21,14.77,-1.5,-0.131,-0.039,-0.098,0.035,0.147
2153018201,10,5,여성,75세 이상,생활가전,세탁기,135,134.1,19,9,forced_alignment,0.116,247.0,0.0589,0.0713,2.31,15.74,-1.3,0.34,0.074,0.248,-0.043,
2169029834,10,5,여성,50~64세,에어컨/에어케어,에어컨,227,228.0,34,17,forced_alignment,-0.048,213.0,0.0323,0.0913,2.42,16.55,-0.7,0.01,-0.077,-0.073,0.043,-0.011
2168043401,10,5,여성,20~39세,주방가전,전기레인지,172,174.0,27,14,forced_alignment,0.056,226.8,0.024,0.0952,2.29,15.04,1.0,0.096,0.039,-0.044,-0.031,0.231
2128059817,10,5,여성,65~74세,TV/AV,TV,121,122.0,19,10,forced_alignment,0.007,175.2,0.0153,0.0949,2.28,15.86,-4.3,0.225,-0.094,-0.019,,
2121015256,10,5,남성,65~74세,TV/AV,TV,148,150.1,22,11,forced_alignment,-0.068,183.7,0.0365,0.0729,2.34,16.74,-1.0,0.018,-0.076,-0.286,-0.112,
2152030318,10,5,여성,50~64세,주방가전,전기레인지,180,182.0,21,11,forced_alignment,-0.07,226.9,0.052,0.0807,2.54,18.55,-2.4,-0.134,-0.178,-0.05,0.081,0.364
2210038949,10,5,여성,50~64세,TV/AV,TV,130,132.1,28,14,forced_alignment,-0.027,238.6,0.0328,0.0994,2.28,16.58,0.1,0.285,-0.028,-0.118,-0.062,0.057
2197026686,10,5,여성,20~39세,생활가전,세탁기,213,213.1,44,22,forced_alignment,-0.022,231.2,0.0184,0.1091,1.81,13.52,-0.3,-0.014,-0.011,-0.127,0.002,0.165
2135030253,10,5,남성,65~74세,PC/모니터,노트북,214,214.1,20,10,forced_alignment,-0.123,197.6,0.0309,0.101,2.54,19.79,-1.2,-0.064,-0.129,-0.13,,
2202093888,10,5,남성,40~49세,생활가전,워시타워,227,228.0,30,15,forced_alignment,0.009,191.0,0.0397,0.1043,2.26,13.76,-3.3,-0.061,0.035,0.005,0.026,
2202067464,10,5,남성,40~49세,주방가전,전기레인지,189,189.0,36,18,forced_alignment,0.031,147.3,0.0272,0.1093,2.01,13.7,-4.4,0.216,0.032,0.141,-0.106,-0.066
2116006948,10,5,여성,50~64세,주방가전,냉장고,193,193.0,43,21,forced_alignment,-0.001,169.9,0.0258,0.0972,2.28,15.68,-2.7,0.131,-0.109,0.006,-0.114,0.222
2133062714,10,5,남성,20~39세,주방가전,식기세척기,157,158.0,33,17,forced_alignment,0.006,112.0,0.0177,0.1052,2.09,17.02,-4.2,-0.034,0.011,0.008,-0.105,0.311
2182090402,10,5,여성,50~64세,주방가전,냉장고,228,228.0,18,9,forced_alignment,-0.136,221.6,0.0521,0.0804,2.06,16.79,-2.4,-0.09,-0.165,,,-0.058
2201073193,10,5,남성,20~39세,에어컨/에어케어,공기청정기,127,128.0,34,17,forced_alignment,0.001,143.9,0.0135,0.0849,1.53,16.24,-1.2,0.115,-0.042,0.045,-0.064,-0.016
2188036531,10,5,여성,50~64세,주방가전,냉장고,132,131.0,28,14,forced_alignment,-0.006,204.0,0.0304,0.1145,2.32,15.01,-2.8,0.05,-0.103,-0.074,-0.008,0.222
2124017012,10,5,여성,65~74세,에어컨/에어케어,에어컨,142,140.0,27,13,forced_alignment,-0.09,227.1,0.0268,0.0848,1.99,15.04,-2.7,-0.078,-0.125,-0.198,-0.022,0.066
2141078636,10,5,여성,65~74세,생활가전,세탁기,121,121.0,18,9,forced_alignment,0.023,239.0,0.0251,0.0911,2.31,16.04,-2.6,-0.022,-0.126,-0.08,0.36,0.182
2191034320,10,5,남성,65~74세,주방가전,정수기,216,217.0,38,19,forced_alignment,-0.042,140.6,0.0297,0.0916,2.15,14.89,-2.4,-0.107,-0.137,-0.126,0.198,0.083
2219032769,10,5,남성,20~39세,생활가전,워시타워,200,200.0,30,15,forced_alignment,0.052,169.3,0.0243,0.0765,2.11,14.17,-2.9,0.029,-0.104,0.147,0.071,0.042
2107029770,10,5,여성,65~74세,생활가전,세탁기,218,217.0,22,11,forced_alignment,-0.001,203.0,0.0324,0.077,2.55,15.09,-2.4,-0.13,0.1,-0.017,0.038,
2143004679,9,5,여성,65~74세,주방가전,냉장고,205,204.1,34,17,forced_alignment,0.094,186.6,0.0179,0.0826,2.27,14.13,-1.0,0.252,0.101,-0.053,0.109,0.258
2187002039,10,5,남성,50~64세,에어컨/에어케어,공기청정기,188,187.1,46,23,forced_alignment,-0.059,196.6,0.024,0.0843,1.99,13.03,-1.3,0.244,-0.086,-0.091,-0.172,-0.021
2156090816,10,5,여성,65~74세,주방가전,냉장고,206,205.1,12,6,forced_alignment,-0.016,219.6,0.045,0.0802,2.65,12.74,-1.4,0.122,-0.044,,,
2221007509,10,5,여성,65~74세,생활가전,세탁기,134,135.0,24,12,forced_alignment,-0.048,205.1,0.0557,0.0894,2.08,16.04,-1.3,0.003,-0.141,-0.004,-0.168,0.021
2166030635,10,5,남성,65~74세,주방가전,정수기,208,206.1,43,21,forced_alignment,0.062,207.9,0.0578,0.1031,2.21,14.93,-2.5,0.2,0.042,-0.007,-0.003,0.235
2191048445,10,5,여성,65~74세,주방가전,전기레인지,127,126.0,28,14,forced_alignment,0.03,188.2,0.0356,0.0931,1.7,11.63,-0.5,0.123,0.097,-0.156,-0.001,0.158
2215044755,10,5,여성,40~49세,TV/AV,TV,232,234.0,26,13,forced_alignment,0.045,242.1,0.009,0.0686,2.05,14.38,0.7,0.042,-0.072,-0.012,0.067,0.123
2107002676,10,5,여성,65~74세,주방가전,냉장고,128,127.0,24,12,forced_alignment,-0.011,195.8,0.0287,0.084,2.01,13.23,-1.0,-0.058,-0.019,-0.038,0.056,
2149124666,10,5,여성,20~39세,TV/AV,TV,164,164.0,10,5,forced_alignment,0.018,251.6,0.0526,0.081,2.28,14.17,-2.3,-0.007,-0.017,0.146,,
2189046544,9,4,남성,75세 이상,주방가전,냉장고,161,159.1,39,19,forced_alignment,-0.064,183.0,0.0332,0.0879,2.26,13.11,-3.2,-0.001,-0.089,-0.065,-0.048,-0.017
2162028565,9,4,남성,50~64세,주방가전,냉장고,195,194.0,27,14,forced_alignment,-0.049,198.5,0.0402,0.0913,2.61,17.86,-1.9,-0.029,-0.168,-0.117,0.115,-0.017
2138051650,10,5,여성,40~49세,TV/AV,TV,208,207.0,39,19,forced_alignment,0.041,208.7,0.0302,0.0777,2.4,16.55,-1.6,-0.019,-0.008,0.048,0.073,0.347
2184079213,10,5,여성,50~64세,TV/AV,TV,135,135.0,12,6,forced_alignment,-0.036,175.8,0.0251,0.1157,2.37,15.03,-1.3,0.105,-0.034,-0.186,,
2141007801,9,4,여성,65~74세,주방가전,냉장고,225,225.0,56,28,forced_alignment,-0.098,182.3,0.023,0.1123,2.07,15.08,-2.5,-0.063,-0.081,-0.118,-0.115,-0.089
2104087939,10,5,여성,40~49세,생활가전,세탁기,230,230.0,40,20,forced_alignment,-0.051,224.9,0.0247,0.1001,1.93,17.17,-0.9,0.15,-0.025,-0.061,-0.077,-0.116
2141090742,10,5,남성,20~39세,모바일,Wearable Band,175,175.0,40,20,forced_alignment,-0.066,154.8,0.0227,0.1099,1.99,18.25,-3.3,-0.122,-0.146,-0.12,0.138,-0.005
2216056947,10,5,여성,40~49세,주방가전,김치냉장고,180,180.0,32,16,forced_alignment,0.013,188.1,0.0331,0.1026,2.05,13.43,-1.0,-0.114,-0.024,-0.07,0.157,0.097
2161042995,10,4,여성,65~74세,주방가전,정수기,136,137.0,15,7,forced_alignment,-0.027,240.5,0.0494,0.0748,1.94,13.16,0.0,-0.051,-0.076,0.083,,
2148085117,10,5,여성,50~64세,TV/AV,TV,169,171.0,13,7,forced_alignment,-0.012,191.0,0.0436,0.1066,1.94,11.18,0.1,0.249,-0.146,-0.097,,
2210090162,10,5,여성,50~64세,주방가전,김치냉장고,198,197.1,34,17,forced_alignment,-0.048,199.7,0.0197,0.0858,2.0,15.74,-0.1,-0.038,0.018,-0.091,-0.094,0.035
2186014199,9,4,여성,65~74세,주방가전,냉장고,180,179.1,24,12,forced_alignment,-0.152,206.2,0.0398,0.0989,2.17,14.39,-3.1,-0.098,-0.146,-0.155,-0.262,
2166036705,10,5,여성,65~74세,TV/AV,TV,240,239.0,58,29,forced_alignment,0.006,222.8,0.0343,0.0763,1.63,13.95,2.0,-0.057,-0.04,0.024,0.008,0.311
2218082226,10,5,남성,50~64세,생활가전,세탁기,129,130.0,23,11,forced_alignment,-0.051,130.2,0.0172,0.0979,1.93,18.87,-4.1,-0.112,-0.023,-0.088,0.137,-0.068
2145089275,10,5,여성,50~64세,주방가전,정수기,127,129.0,25,13,forced_alignment,0.101,204.0,0.0349,0.0663,1.8,10.81,1.4,0.053,0.013,0.092,0.136,0.206
2198048105,10,5,남성,50~64세,TV/AV,TV,144,143.1,26,13,forced_alignment,-0.061,170.5,0.0378,0.0873,2.38,15.43,-3.0,0.099,-0.118,-0.096,,
2138061214,9,5,남성,50~64세,주방가전,정수기,120,120.0,19,9,forced_alignment,-0.062,154.2,0.029,0.0934,2.05,17.83,-3.3,-0.16,-0.008,-0.091,-0.154,0.204
2195071579,10,5,남성,40~49세,주방가전,냉장고,189,191.0,35,18,forced_alignment,-0.059,157.5,0.0462,0.131,2.07,16.13,-3.2,0.066,-0.022,-0.182,-0.015,
2202009530,10,5,남성,65~74세,생활가전,세탁기,123,122.0,31,15,forced_alignment,0.034,134.0,0.0383,0.082,1.77,11.06,-0.3,0.291,-0.073,-0.004,-0.04,0.215
2198067816,10,5,남성,65~74세,주방가전,냉장고,168,168.1,41,21,forced_alignment,-0.02,181.4,0.0368,0.0757,1.97,15.15,-1.1,0.059,0.026,-0.057,-0.077,0.024
2145078042,10,5,남성,20~39세,주방가전,정수기,129,128.0,36,18,forced_alignment,-0.025,162.3,0.0383,0.079,2.2,14.01,-1.6,-0.147,-0.004,-0.021,-0.011,0.006
2196026714,10,5,여성,50~64세,TV/AV,TV,218,220.0,58,29,forced_alignment,0.011,221.4,0.0291,0.0749,2.14,15.8,-1.0,-0.12,0.096,-0.013,-0.152,0.221
2201084534,10,5,여성,65~74세,주방가전,냉장고,207,207.0,34,17,forced_alignment,-0.005,181.7,0.0199,0.1056,1.34,14.16,-0.1,0.083,-0.009,-0.036,,
2141036270,10,5,남성,40~49세,주방가전,정수기,188,189.0,43,22,forced_alignment,-0.027,155.5,0.0322,0.0909,1.97,15.63,-1.5,-0.023,-0.082,-0.103,-0.019,0.086
2215062461,10,5,남성,40~49세,TV/AV,TV,174,173.0,40,20,forced_alignment,-0.061,136.9,0.0126,0.0882,2.21,15.03,-2.2,-0.119,-0.088,-0.054,0.002,
2210077769,10,5,여성,50~64세,주방가전,식기세척기,219,218.0,49,24,forced_alignment,0.012,261.2,0.0342,0.1066,2.19,16.58,-0.2,-0.116,-0.084,0.053,0.063,0.129
2195027944,10,5,남성,50~64세,TV/AV,TV,168,167.0,23,11,forced_alignment,-0.041,217.9,0.0198,0.0758,2.5,18.34,-2.2,-0.021,-0.127,0.082,,
2110025793,10,5,남성,40~49세,TV/AV,TV,131,133.1,24,12,forced_alignment,0.02,193.1,0.013,0.1021,1.86,16.54,-1.4,0.096,-0.136,0.035,-0.166,0.182
2139069859,10,5,여성,50~64세,TV/AV,TV,221,220.0,32,16,forced_alignment,0.011,225.2,0.0338,0.0781,2.37,14.12,-3.1,-0.083,-0.02,0.044,0.054,0.265
2212069853,10,5,남성,75세 이상,주방가전,정수기,218,217.0,43,21,forced_alignment,0.018,194.0,0.0446,0.0849,2.16,13.1,-0.5,-0.18,-0.02,-0.068,0.203,0.119
2173006152,10,5,남성,20~39세,TV/AV,TV,238,239.0,29,15,forced_alignment,0.009,160.8,0.0202,0.0943,2.54,14.96,-0.4,0.02,-0.022,-0.041,-0.066,0.156
2181001876,10,5,여성,50~64세,주방가전,정수기,196,198.0,50,25,forced_alignment,0.06,208.9,0.0217,0.0833,2.26,12.81,-1.1,0.216,-0.011,0.038,0.207,-0.048
2140079199,10,5,남성,20~39세,주방가전,냉장고,141,140.0,29,14,forced_alignment,0.014,133.5,0.0178,0.0772,2.1,12.6,-1.6,-0.037,-0.031,0.141,-0.027,0.107
2125025000,10,5,여성,50~64세,생활가전,청소기,166,165.0,43,21,forced_alignment,0.068,202.2,0.0364,0.0866,1.92,14.74,-0.9,0.01,0.099,0.072,0.088,-0.055
2107011146,10,5,여성,50~64세,생활가전,세탁기,152,152.1,29,14,forced_alignment,0.033,218.9,0.0391,0.0931,2.37,14.95,-0.1,0.195,-0.012,-0.122,0.052,0.238
2191034736,10,5,여성,40~49세,생활가전,의류건조기,154,154.0,34,17,forced_alignment,0.114,227.8,0.0346,0.1054,1.65,14.17,0.5,0.048,0.111,0.059,0.199,0.237
2104012828,10,5,여성,65~74세,뷰티/의료기기,뷰티 디바이스,155,157.0,29,15,forced_alignment,0.071,203.0,0.0267,0.0923,1.88,12.18,1.7,0.191,-0.075,-0.003,0.165,0.227
2184087484,10,5,남성,50~64세,에어컨/에어케어,시스템 에어컨,211,212.0,23,11,forced_alignment,-0.088,161.1,0.0432,0.0988,2.25,13.86,-4.4,-0.211,0.025,-0.068,-0.121,-0.176
2201060757,10,5,남성,50~64세,TV/AV,TV,213,215.1,29,15,forced_alignment,0.043,216.4,0.0328,0.0864,1.8,16.77,-1.2,0.076,0.04,-0.154,0.241,0.026
2184042135,10,5,남성,50~64세,생활가전,청소기,160,160.1,16,8,forced_alignment,0.02,120.8,0.0167,0.1158,1.74,13.48,-0.7,-0.063,-0.025,-0.259,0.309,
2212035859,10,5,남성,40~49세,생활가전,세탁기,181,180.0,28,14,forced_alignment,-0.056,188.0,0.0311,0.089,2.08,12.79,-0.6,-0.048,-0.062,-0.048,-0.073,-0.036
2197088580,10,5,여성,50~64세,주방가전,냉장고,126,128.0,25,13,forced_alignment,0.119,219.1,0.039,0.0871,2.57,14.33,-0.6,0.376,-0.025,-0.04,0.131,0.109
2131026860,10,5,여성,65~74세,주방가전,냉장고,139,139.0,18,9,forced_alignment,-0.051,202.7,0.0501,0.0928,2.21,17.07,-3.3,-0.017,-0.114,-0.065,-0.02,-0.023
2202026560,10,5,응답을 원하지 않음,,주방가전,전기레인지,153,154.0,42,21,forced_alignment,0.074,188.9,0.0446,0.0999,2.78,16.7,-1.4,0.194,0.091,-0.08,-0.154,0.276
2149091399,10,5,남성,75세 이상,주방가전,정수기,167,167.0,39,19,forced_alignment,0.023,200.1,0.0462,0.0911,2.05,15.16,-0.7,-0.132,-0.035,0.031,0.156,-0.073
2118012327,10,5,남성,20~39세,생활가전,워시타워,240,242.1,28,14,forced_alignment,0.008,175.4,0.0304,0.1063,2.45,14.25,-1.6,0.051,0.014,0.013,-0.178,
2204004936,10,5,남성,65~74세,주방가전,정수기,160,159.1,38,19,forced_alignment,-0.015,216.7,0.033,0.0725,1.37,12.24,-1.4,-0.149,0.064,-0.043,-0.095,0.189
2204059025,10,5,여성,20~39세,주방가전,정수기,189,189.0,40,20,forced_alignment,0.027,253.0,0.036,0.0869,1.98,16.83,0.2,0.103,-0.039,0.008,0.381,0.048
2154096198,10,5,여성,50~64세,생활가전,청소기,156,154.0,14,7,forced_alignment,-0.126,233.8,0.0374,0.1028,2.54,16.75,-5.7,0.041,-0.182,-0.04,-0.337,-0.142
2107094570,10,5,남성,20~39세,TV/AV,TV,233,233.1,48,24,forced_alignment,-0.088,174.4,0.0171,0.1237,2.15,15.26,0.0,-0.113,-0.102,-0.086,-0.096,-0.037
2210068737,10,5,여성,50~64세,TV/AV,TV,187,187.1,31,15,forced_alignment,0.008,198.8,0.0231,0.089,2.28,13.25,0.4,0.045,-0.07,-0.073,0.129,-0.032
2170105492,10,5,여성,50~64세,주방가전,김치냉장고,171,172.0,37,18,forced_alignment,-0.072,257.2,0.0321,0.1093,2.52,19.27,-1.2,-0.107,-0.016,-0.082,-0.171,-0.006
2141048460,10,5,여성,40~49세,주방가전,김치냉장고,159,159.1,22,11,forced_alignment,-0.034,218.7,0.0223,0.1054,2.08,13.81,-3.9,0.088,0.003,-0.127,-0.143,-0.017
2141036394,10,5,남성,50~64세,주방가전,김치냉장고,228,227.0,41,20,forced_alignment,-0.03,226.0,0.0299,0.1079,1.69,15.07,-0.8,-0.134,-0.125,-0.013,-0.019,0.18
2174066653,10,5,남성,50~64세,주방가전,냉장고,172,172.0,35,17,forced_alignment,-0.014,171.8,0.0311,0.0979,2.37,17.29,-0.2,-0.122,-0.027,0.013,-0.106,0.175
2162030380,9,4,남성,40~49세,TV/AV,TV,142,142.1,16,8,forced_alignment,-0.091,158.0,0.0246,0.0872,2.35,19.19,-3.3,-0.123,-0.049,-0.142,-0.038,
2134036285,10,5,여성,65~74세,주방가전,정수기,182,181.0,36,18,forced_alignment,-0.019,233.6,0.0674,0.0756,2.02,11.87,-3.0,-0.073,-0.037,0.02,,
2139052981,10,5,남성,65~74세,PC/모니터,노트북,215,217.0,35,18,forced_alignment,-0.03,182.1,0.0283,0.0724,2.49,14.07,-2.2,-0.107,-0.162,0.008,0.027,0.108
2188092118,10,5,남성,20~39세,생활가전,세탁기,138,137.0,19,9,forced_alignment,-0.015,133.0,0.0197,0.1358,2.14,17.53,-4.4,,-0.017,-0.064,0.076,-0.101
2203072206,9,5,남성,40~49세,생활가전,세탁기,143,145.0,35,18,forced_alignment,-0.081,123.9,0.0284,0.0921,2.24,15.31,-2.0,-0.014,-0.222,-0.119,-0.085,0.078
2191074222,10,5,남성,20~39세,생활가전,세탁기,185,184.0,29,14,forced_alignment,-0.002,216.5,0.0173,0.0892,1.91,15.17,-2.4,-0.145,-0.001,-0.062,0.046,0.064
2173054777,10,5,남성,50~64세,생활가전,세탁기,171,172.0,18,9,forced_alignment,-0.061,161.9,0.0288,0.1248,2.44,15.23,-6.1,-0.008,0.06,-0.104,-0.073,
2152065306,10,5,여성,50~64세,생활가전,세탁기,125,127.0,17,9,forced_alignment,-0.073,244.9,0.0125,0.0799,2.13,16.17,-0.5,-0.007,-0.089,-0.084,-0.097,
2139069856,10,5,여성,40~49세,생활가전,스타일러,130,129.0,23,11,forced_alignment,0.049,239.4,0.0343,0.0734,2.15,15.54,0.6,-0.012,-0.044,-0.074,0.127,0.241
2118067566,10,5,여성,20~39세,주방가전,냉장고,163,165.0,23,12,forced_alignment,-0.056,206.6,0.0326,0.0812,2.3,12.43,4.2,-0.004,0.03,-0.203,,0.0
2106060457,10,5,남성,20~39세,주방가전,정수기,154,156.0,26,13,forced_alignment,0.004,154.4,0.0319,0.0947,2.19,12.94,-3.3,-0.041,0.003,0.013,0.074,-0.135
2170067028,10,5,여성,40~49세,생활가전,세탁기,138,137.0,17,8,forced_alignment,0.097,229.2,0.0347,0.0836,1.96,14.22,2.3,,-0.036,0.088,0.086,0.416
2175064121,9,5,남성,75세 이상,생활가전,세탁기,147,148.0,36,18,forced_alignment,0.005,224.9,0.0438,0.0938,2.21,13.63,3.9,-0.162,-0.026,0.018,0.09,0.097
2201065610,10,5,여성,50~64세,주방가전,김치냉장고,226,225.0,37,18,forced_alignment,0.074,209.2,0.0286,0.0852,1.97,12.45,0.3,0.085,0.104,-0.025,0.073,0.189
2216055866,10,5,여성,50~64세,주방가전,김치냉장고,193,195.1,9,5,forced_alignment,-0.002,230.4,0.0334,0.0905,2.17,15.3,-0.9,0.224,-0.153,,,
2204026393,10,5,남성,20~39세,에어컨/에어케어,공기청정기,148,148.0,24,12,forced_alignment,-0.138,162.8,0.0269,0.0933,2.27,12.67,-3.0,-0.145,-0.19,-0.181,-0.272,0.382
2135023907,9,5,여성,50~64세,주방가전,김치냉장고,198,199.0,19,9,forced_alignment,-0.128,202.8,0.0248,0.0931,1.62,13.43,1.0,-0.146,-0.258,-0.111,,-0.101
2138057160,10,5,남성,50~64세,주방가전,정수기,126,128.0,30,15,forced_alignment,0.037,182.4,0.027,0.0863,1.82,13.94,-1.5,,-0.062,0.018,0.166,0.174
2159054121,10,5,여성,40~49세,주방가전,정수기,178,178.1,35,17,forced_alignment,0.024,196.4,0.0201,0.0965,1.87,14.38,-1.1,0.0,0.136,-0.094,-0.005,0.137
2141075820,10,5,여성,50~64세,TV/AV,TV,160,162.0,28,14,forced_alignment,0.055,234.2,0.0309,0.079,2.37,17.38,-1.3,0.13,-0.167,0.091,0.223,0.1
2135051404,10,5,남성,40~49세,주방가전,정수기,215,217.0,56,28,forced_alignment,0.007,145.3,0.0129,0.0974,1.76,15.46,-1.7,-0.065,0.061,-0.005,0.046,-0.08
2135114031,9,5,여성,65~74세,에어컨/에어케어,공기청정기,169,168.1,24,12,forced_alignment,-0.04,228.0,0.0225,0.0794,2.25,14.28,0.7,0.02,-0.064,-0.037,,0.0
2128082310,10,5,여성,50~64세,주방가전,정수기,156,155.0,27,13,forced_alignment,-0.013,191.3,0.0275,0.1013,2.51,15.16,-2.4,-0.027,-0.116,-0.141,0.028,0.174
2161007866,9,4,남성,20~39세,TV/AV,TV,123,125.1,25,13,forced_alignment,-0.019,166.6,0.0429,0.0754,1.91,11.71,0.1,0.026,-0.078,-0.015,0.125,-0.173
2124004280,10,5,남성,20~39세,PC/모니터,노트북,188,186.1,34,17,forced_alignment,-0.018,173.2,0.0269,0.0998,1.99,10.73,-1.3,-0.099,0.028,-0.049,-0.025,
2121040309,10,5,남성,20~39세,에어컨/에어케어,공기청정기,237,236.0,68,34,forced_alignment,-0.017,208.5,0.0228,0.1046,2.05,16.1,0.3,-0.18,0.0,-0.028,-0.046,0.149
2165007423,10,5,여성,65~74세,주방가전,냉장고,225,227.0,52,26,forced_alignment,-0.072,236.9,0.0305,0.0801,2.06,14.78,0.1,-0.098,-0.16,-0.088,-0.03,0.377
2126024428,10,5,남성,65~74세,에어컨/에어케어,공기청정기,176,175.0,36,18,forced_alignment,0.011,122.6,0.0304,0.1033,1.86,16.19,-3.0,0.18,0.002,-0.046,,0.156
2141032429,10,5,여성,50~64세,생활가전,워시타워,194,196.1,46,23,forced_alignment,-0.032,192.8,0.0203,0.0919,2.32,15.1,-2.1,0.098,-0.086,-0.057,-0.052,0.06
2135040048,10,5,여성,50~64세,주방가전,정수기,177,179.1,50,25,forced_alignment,0.182,220.8,0.0268,0.0729,1.84,11.52,1.0,0.148,0.22,0.19,0.112,0.229
2195035005,10,5,남성,40~49세,생활가전,세탁기,191,193.0,38,19,forced_alignment,-0.04,181.4,0.0221,0.081,2.14,16.53,-1.0,-0.038,-0.064,-0.051,0.033,-0.168
2188008802,10,5,여성,65~74세,생활가전,청소기,220,222.1,47,24,forced_alignment,-0.092,193.6,0.0298,0.0799,2.21,14.33,0.2,-0.21,-0.078,-0.016,-0.124,-0.201
2191108398,10,5,여성,50~64세,생활가전,세탁기,165,164.0,18,9,forced_alignment,-0.042,291.4,0.0612,0.1102,2.24,12.05,-1.2,-0.113,-0.007,,,
2197070472,10,5,여성,40~49세,주방가전,정수기,184,183.0,37,18,forced_alignment,-0.035,212.4,0.0375,0.1059,1.86,15.24,-1.9,0.139,-0.058,0.062,-0.137,-0.094
2209017008,9,5,남성,65~74세,에어컨/에어케어,에어컨,122,122.0,21,11,forced_alignment,0.077,157.6,0.035,0.073,1.73,11.36,0.0,0.099,0.053,-0.032,0.1,0.152
2215067004,10,5,남성,65~74세,TV/AV,TV,131,133.1,17,9,forced_alignment,-0.063,169.3,0.0552,0.0865,2.44,15.72,-1.9,-0.173,-0.053,0.082,,
2176082621,10,5,남성,40~49세,생활가전,세탁기,222,221.0,25,12,forced_alignment,0.024,127.5,0.0205,0.1072,2.52,15.65,-4.3,0.018,-0.037,0.046,-0.095,0.094
2216034356,10,5,여성,20~39세,생활가전,청소기,134,136.0,26,13,forced_alignment,-0.047,237.8,0.0291,0.0782,1.4,13.04,0.7,-0.025,-0.107,-0.038,-0.171,0.126
2174015610,10,5,여성,50~64세,에어컨/에어케어,에어컨,175,177.1,27,14,forced_alignment,-0.049,204.3,0.0224,0.0847,2.19,16.84,-2.4,0.121,-0.201,-0.091,-0.133,0.322
2202039741,10,5,남성,50~64세,TV/AV,TV,142,141.1,32,16,forced_alignment,0.086,193.1,0.0316,0.1106,2.42,17.38,-2.2,0.362,0.197,0.031,-0.044,0.172
2128028186,10,5,여성,40~49세,생활가전,세탁기,160,162.0,29,15,forced_alignment,0.018,176.6,0.026,0.0794,2.13,16.99,-2.7,-0.011,0.03,-0.009,0.145,-0.115
2170075292,10,5,남성,75세 이상,생활가전,세탁기,150,149.0,33,16,forced_alignment,-0.065,226.1,0.035,0.0907,2.22,15.27,0.2,-0.105,-0.116,-0.081,0.216,-0.016
2216054922,10,5,남성,20~39세,생활가전,세탁기,227,226.0,46,23,forced_alignment,-0.031,152.8,0.0253,0.0509,2.47,15.94,-0.4,0.002,-0.068,-0.044,0.013,0.043
2194053111,10,5,여성,40~49세,주방가전,냉장고,184,182.0,44,22,forced_alignment,0.044,219.7,0.0306,0.0794,1.66,12.31,1.5,0.033,0.103,-0.016,0.057,0.121
2212016522,10,5,남성,65~74세,TV/AV,TV,196,198.0,37,19,forced_alignment,0.006,141.8,0.0313,0.0929,2.17,13.59,-3.0,-0.049,0.036,-0.089,0.003,0.139
2161046584,10,5,여성,40~49세,생활가전,청소기,191,193.0,25,13,forced_alignment,0.019,259.6,0.019,0.0749,2.17,13.53,-0.1,0.099,0.087,-0.179,0.022,0.097
2203038489,10,5,여성,65~74세,주방가전,정수기,229,227.0,36,18,forced_alignment,0.029,248.2,0.0281,0.0918,2.38,13.27,3.6,0.086,-0.051,0.122,-0.027,0.388
2139071598,10,5,여성,50~64세,주방가전,광파오븐/전자레인지,163,165.0,35,17,forced_alignment,-0.006,191.4,0.0228,0.085,1.85,14.24,2.2,-0.02,-0.134,-0.087,0.117,0.117
2156103971,10,5,여성,20~39세,생활가전,세탁기,136,136.0,5,2,forced_alignment,0.019,252.1,0.0613,0.109,2.2,16.6,-6.1,0.11,-0.071,,,
2183077455,10,5,여성,50~64세,주방가전,냉장고,237,239.0,39,20,forced_alignment,-0.056,229.6,0.0261,0.0993,2.15,14.12,-1.0,-0.117,-0.169,0.071,-0.077,-0.063
2104018557,10,5,여성,20~39세,주방가전,정수기,223,222.1,60,30,forced_alignment,-0.04,201.2,0.0222,0.1037,2.05,13.72,-1.0,-0.081,-0.051,-0.076,-0.026,0.111
2180079609,10,5,여성,40~49세,에어컨/에어케어,제습/가습기,140,141.1,29,15,forced_alignment,-0.01,213.2,0.0294,0.0954,2.54,16.9,-0.7,0.169,-0.139,-0.034,0.025,
2149051098,9,5,여성,40~49세,생활가전,청소기,131,130.0,18,9,forced_alignment,0.034,218.2,0.0207,0.099,2.2,14.51,-1.6,-0.024,0.05,0.026,0.079,
2194031286,10,5,여성,50~64세,주방가전,정수기,181,181.0,26,13,forced_alignment,0.093,228.3,0.0322,0.0859,2.47,15.44,-3.6,-0.122,-0.173,0.181,0.196,0.259
2182092737,10,5,남성,40~49세,주방가전,정수기,136,135.0,28,14,forced_alignment,-0.014,170.8,0.0285,0.084,2.27,16.84,-2.4,0.021,-0.09,0.143,-0.032,0.132
2139043661,10,5,남성,65~74세,TV/AV,TV,154,156.0,23,12,forced_alignment,-0.027,133.9,0.0505,0.0958,2.45,18.89,-5.1,-0.115,-0.161,-0.072,0.185,0.187
2118011133,10,5,여성,20~39세,주방가전,정수기,163,162.0,35,17,forced_alignment,0.03,204.6,0.0224,0.105,2.29,13.81,-1.9,0.156,-0.037,0.062,-0.066,0.394
2106076191,10,5,여성,65~74세,생활가전,세탁기,187,187.1,42,21,forced_alignment,-0.026,169.2,0.0369,0.0959,2.25,16.85,-1.2,-0.108,0.043,-0.055,0.026,
2194039639,10,5,남성,20~39세,주방가전,광파오븐/전자레인지,120,119.0,20,10,forced_alignment,-0.04,201.4,0.0287,0.1084,2.23,15.7,-3.8,-0.136,-0.129,-0.098,0.192,0.11
2212133356,10,5,여성,65~74세,주방가전,정수기,231,233.1,43,22,forced_alignment,-0.052,185.7,0.0204,0.0913,1.87,14.19,-1.9,0.031,-0.137,-0.048,-0.118,0.151
2120068716,10,5,남성,50~64세,주방가전,냉장고,236,235.0,38,19,forced_alignment,0.003,167.7,0.0343,0.0629,2.12,14.12,-2.6,0.005,-0.02,-0.02,0.015,0.192
2156038647,10,5,남성,40~49세,주방가전,정수기,168,170.1,36,18,forced_alignment,-0.016,109.0,0.0082,0.0911,1.82,16.04,-1.3,-0.037,-0.084,-0.018,-0.014,0.148
2163097122,9,4,남성,50~64세,주방가전,전기레인지,198,200.0,29,15,forced_alignment,-0.001,239.2,0.0228,0.1064,2.25,17.09,-2.6,0.072,-0.175,0.012,0.079,-0.184
2140054111,10,5,여성,40~49세,주방가전,정수기,170,170.1,34,17,forced_alignment,-0.051,230.5,0.0199,0.1345,1.75,14.94,-2.3,-0.141,-0.131,-0.095,0.06,-0.014
2205005363,10,5,남성,50~64세,TV/AV,TV,196,196.1,65,32,forced_alignment,0.018,149.1,0.047,0.104,1.96,14.91,-1.9,0.012,0.044,0.014,-0.017,0.075
2190088274,10,5,여성,50~64세,주방가전,김치냉장고,182,178.1,39,19,forced_alignment,0.093,217.5,0.0261,0.0836,1.85,13.89,-0.3,-0.062,0.098,0.093,0.101,0.201
2105065148,10,5,남성,75세 이상,TV/AV,TV,199,200.0,20,10,forced_alignment,-0.055,171.0,0.0986,0.0595,2.56,15.28,-3.4,0.049,-0.104,-0.144,,
2154010693,10,5,여성,75세 이상,주방가전,정수기,159,160.1,33,17,forced_alignment,-0.04,162.7,0.0076,0.1222,2.56,14.9,-1.5,-0.186,-0.176,0.012,-0.132,0.189
2173070848,10,5,여성,50~64세,주방가전,김치냉장고,169,164.0,45,22,forced_alignment,0.022,210.8,0.0254,0.0957,2.25,14.38,-0.7,-0.156,-0.015,0.068,-0.1,0.367
2189086834,10,5,여성,50~64세,TV/AV,TV,232,231.1,49,24,forced_alignment,0.002,247.3,0.024,0.1025,1.96,13.47,1.2,-0.083,-0.005,0.003,0.023,0.049
2119032724,10,5,여성,65~74세,생활가전,의류건조기,225,224.1,70,35,forced_alignment,0.009,203.6,0.0362,0.0948,2.1,17.86,-0.4,-0.03,-0.107,0.046,0.035,0.094
2107047020,10,5,남성,20~39세,주방가전,정수기,210,211.0,43,22,forced_alignment,-0.06,153.9,0.0249,0.0941,2.05,16.69,-2.7,-0.164,-0.124,-0.046,-0.125,0.12
2197095130,10,5,여성,65~74세,주방가전,냉장고,148,147.0,37,18,forced_alignment,0.011,177.4,0.0458,0.1008,2.03,17.6,-0.9,-0.133,0.035,0.038,-0.057,0.124
2149106763,10,5,여성,40~49세,생활가전,스타일러,178,178.1,44,22,forced_alignment,-0.003,245.1,0.0287,0.0866,2.41,16.5,-1.0,-0.166,-0.065,-0.04,0.204,
2219024270,10,5,여성,50~64세,생활가전,스타일러,201,200.0,38,19,forced_alignment,-0.074,212.1,0.0185,0.125,2.03,16.17,-0.7,-0.074,-0.103,-0.051,-0.089,
2194036721,10,5,남성,50~64세,에어컨/에어케어,공기청정기,236,238.0,62,31,forced_alignment,-0.029,184.7,0.02,0.1252,2.06,17.79,-3.4,-0.105,0.007,-0.082,0.145,-0.004
2217048779,10,5,여성,50~64세,주방가전,냉장고,173,175.0,45,23,forced_alignment,0.082,182.5,0.0248,0.1028,1.92,18.06,0.7,0.155,0.015,0.043,0.06,0.194
2141052175,10,5,여성,50~64세,주방가전,냉장고,226,225.0,30,15,forced_alignment,-0.021,246.7,0.0272,0.0972,2.0,15.08,-2.7,-0.187,0.031,-0.005,-0.095,
2189097174,10,5,여성,65~74세,주방가전,냉장고,191,193.0,55,28,forced_alignment,-0.056,203.9,0.0385,0.1039,1.81,15.46,-0.2,-0.063,-0.025,-0.083,-0.087,0.013
2202024890,10,5,여성,50~64세,생활가전,워시타워,221,220.0,25,12,forced_alignment,0.041,256.8,0.0338,0.0862,2.41,17.52,-3.6,0.126,0.066,0.04,-0.108,0.357
2154095418,10,5,여성,50~64세,PC/모니터,노트북,217,219.0,53,27,forced_alignment,-0.016,193.0,0.0259,0.105,2.14,17.43,0.1,0.08,-0.082,-0.081,0.028,0.056
2141002910,9,5,여성,40~49세,주방가전,광파오븐/전자레인지,236,238.0,33,17,forced_alignment,0.001,217.2,0.0289,0.0905,1.75,14.53,-1.6,0.0,-0.13,0.046,0.017,0.239
2176052488,10,5,여성,50~64세,에어컨/에어케어,에어컨,226,225.0,32,16,forced_alignment,-0.055,194.4,0.0281,0.0949,1.97,14.59,-1.3,-0.028,-0.131,-0.045,-0.055,0.041
2127020467,9,5,여성,50~64세,생활가전,워시타워,192,194.0,31,16,forced_alignment,0.026,213.8,0.0246,0.0744,2.08,15.04,-0.8,0.127,-0.102,-0.017,0.04,0.27
2148013416,10,5,여성,40~49세,주방가전,광파오븐/전자레인지,154,156.0,23,12,forced_alignment,-0.055,221.7,0.0134,0.0736,2.36,14.32,-1.7,-0.02,-0.114,0.029,-0.226,-0.008
2111098332,10,5,남성,65~74세,주방가전,광파오븐/전자레인지,190,192.0,35,18,forced_alignment,-0.026,179.5,0.062,0.08,1.92,10.86,-1.6,-0.02,-0.017,-0.08,-0.058,0.094
2133090285,10,5,남성,20~39세,주방가전,전기레인지,190,191.0,35,18,forced_alignment,-0.058,151.8,0.0213,0.1152,2.04,17.56,-3.1,-0.027,-0.086,-0.021,-0.185,-0.105
2139043652,10,5,여성,50~64세,에어컨/에어케어,에어컨,238,235.0,49,24,forced_alignment,0.049,175.4,0.0209,0.0876,2.47,14.59,-1.4,-0.112,0.019,0.053,0.087,0.203
2205078015,10,5,남성,20~39세,TV/AV,TV,153,152.1,28,14,forced_alignment,0.03,171.9,0.0238,0.0665,1.88,16.47,-1.3,-0.082,0.039,-0.073,0.056,0.168
2170047252,10,5,남성,40~49세,생활가전,청소기,226,225.0,53,26,forced_alignment,0.013,178.7,0.0199,0.1095,2.0,14.36,-1.7,-0.183,0.002,-0.003,0.033,0.083
2121065347,10,5,여성,65~74세,TV/AV,TV,186,185.0,39,19,forced_alignment,0.017,205.0,0.0312,0.1197,2.14,14.74,-0.8,0.145,-0.067,-0.013,0.143,-0.09
2124060622,10,5,남성,20~39세,주방가전,식기세척기,157,156.0,28,14,forced_alignment,-0.012,181.5,0.0279,0.1053,2.2,13.41,-3.0,0.003,0.013,-0.065,-0.08,0.068
2142046467,10,5,여성,50~64세,TV/AV,TV,165,165.0,30,15,forced_alignment,0.02,185.2,0.0316,0.083,2.51,16.37,-1.1,0.024,0.056,-0.032,-0.09,0.122
2184058371,10,5,여성,65~74세,주방가전,냉장고,158,152.1,15,8,forced_alignment,0.035,153.4,0.037,0.0874,2.25,17.08,-0.3,0.086,0.019,,,0.014
2177015397,10,5,여성,65~74세,TV/AV,TV,187,186.1,10,5,forced_alignment,0.18,218.6,0.0296,0.0761,1.64,11.2,-2.2,0.19,0.102,0.316,,
2149026157,10,5,여성,65~74세,주방가전,전기레인지,189,189.0,38,19,forced_alignment,0.062,196.8,0.0363,0.0931,1.92,14.84,0.5,0.219,0.006,0.095,-0.007,0.037
2209017772,10,5,남성,20~39세,TV/AV,TV,125,127.0,36,18,forced_alignment,-0.055,201.5,0.012,0.1199,1.94,16.13,-3.3,-0.051,-0.086,-0.145,0.017,0.168
2203028089,10,5,여성,50~64세,주방가전,전기레인지,178,177.1,30,15,forced_alignment,0.052,205.6,0.0316,0.0797,2.26,10.38,-0.1,0.283,0.023,0.081,-0.093,
2135045632,10,5,여성,75세 이상,TV/AV,TV,197,198.0,47,24,forced_alignment,-0.033,212.1,0.0451,0.0927,2.45,13.77,-0.3,-0.052,-0.108,-0.024,0.014,0.024
2145089764,10,5,여성,65~74세,에어컨/에어케어,공기청정기,176,178.1,15,8,forced_alignment,-0.028,276.4,0.025,0.0583,1.93,14.29,-1.0,0.036,-0.008,-0.215,,-0.096
2173009416,10,5,남성,50~64세,주방가전,냉장고,163,160.1,38,19,forced_alignment,-0.037,223.2,0.0257,0.1078,2.16,14.42,0.4,-0.107,-0.108,-0.017,-0.078,0.171
2118077027,10,5,여성,50~64세,주방가전,냉장고,131,131.0,27,13,forced_alignment,-0.044,190.8,0.0232,0.0889,2.14,15.98,-0.3,-0.247,-0.14,-0.014,0.099,0.049
2173070000,10,5,여성,65~74세,주방가전,냉장고,225,226.0,52,26,forced_alignment,0.058,182.7,0.0217,0.0934,1.66,13.24,1.6,0.252,-0.036,0.062,-0.032,0.181
2132079895,10,5,여성,40~49세,주방가전,냉장고,221,220.0,51,25,forced_alignment,0.072,225.0,0.0466,0.1122,1.8,14.33,-1.3,-0.134,0.045,0.067,0.131,0.343
2156107751,10,5,여성,50~64세,TV/AV,TV,222,224.1,53,27,forced_alignment,0.018,205.4,0.0372,0.0763,1.59,14.06,-1.7,0.209,0.062,-0.096,-0.132,0.157
2195011124,10,5,남성,65~74세,주방가전,정수기,166,167.0,32,16,forced_alignment,-0.036,155.0,0.0422,0.0914,1.83,13.31,-0.1,-0.038,-0.064,0.015,-0.083,
2210078041,10,5,여성,40~49세,주방가전,정수기,222,223.1,43,22,forced_alignment,0.051,259.2,0.0329,0.0738,1.71,12.17,3.6,0.199,0.047,-0.047,0.05,0.107
2176066185,10,5,여성,50~64세,주방가전,정수기,185,185.0,38,19,forced_alignment,-0.028,195.6,0.0287,0.0986,2.08,15.76,1.1,0.063,-0.072,-0.23,0.043,0.163
2176075126,10,5,남성,40~49세,생활가전,의류건조기,161,161.1,21,10,forced_alignment,-0.089,156.8,0.0403,0.0864,2.55,15.26,-5.0,-0.066,-0.139,-0.046,-0.083,
2166096752,10,5,남성,50~64세,생활가전,의류건조기,128,128.0,30,15,forced_alignment,0.022,192.2,0.0363,0.0875,1.99,13.69,-3.4,0.176,-0.064,-0.085,0.038,0.123
2179007672,10,5,남성,50~64세,에어컨/에어케어,에어컨,164,164.0,31,15,forced_alignment,0.047,197.2,0.0405,0.0977,3.03,15.96,-3.3,0.067,0.028,0.089,-0.05,
2203031724,9,5,여성,65~74세,TV/AV,TV,149,148.0,41,20,forced_alignment,-0.034,196.6,0.0311,0.0833,2.06,14.69,4.2,-0.132,-0.059,-0.04,-0.166,0.224
2210091529,10,5,여성,50~64세,생활가전,세탁기,222,220.0,30,15,forced_alignment,-0.075,236.3,0.0337,0.1023,2.0,14.19,-2.3,0.095,-0.112,-0.111,-0.078,
2102012760,10,5,여성,65~74세,생활가전,세탁기,129,131.0,9,5,forced_alignment,0.212,193.6,0.0407,0.0866,1.76,14.74,-2.4,0.275,0.13,0.181,0.344,
2202050305,10,5,여성,50~64세,주방가전,정수기,192,193.0,36,18,forced_alignment,0.038,214.1,0.0294,0.1071,2.5,16.75,-2.7,-0.027,0.015,-0.049,0.181,0.153
2176084149,10,5,남성,65~74세,주방가전,냉장고,134,135.0,23,12,forced_alignment,-0.018,130.6,0.0201,0.1385,2.1,17.27,-1.6,0.037,-0.039,-0.078,-0.103,0.269
2166090516,9,5,여성,50~64세,에어컨/에어케어,제습/가습기,187,188.1,34,17,forced_alignment,-0.027,215.1,0.0085,0.0603,1.96,16.43,0.9,-0.083,-0.011,-0.073,-0.026,0.161
2166054004,10,5,남성,65~74세,에어컨/에어케어,에어컨,166,163.0,57,28,forced_alignment,-0.068,157.8,0.0272,0.0862,2.73,16.84,-2.1,0.094,-0.057,-0.073,-0.163,-0.01
2195054371,10,5,여성,50~64세,TV/AV,TV,144,142.1,39,19,forced_alignment,0.053,205.5,0.0418,0.0875,1.87,13.64,1.8,0.015,0.066,0.089,-0.051,0.065
2214004255,10,5,여성,50~64세,생활가전,세탁기,230,229.0,50,25,forced_alignment,0.051,229.8,0.0454,0.0829,2.01,13.94,1.4,0.11,0.039,-0.018,0.031,0.206
2145009176,10,5,남성,20~39세,에어컨/에어케어,에어컨,227,226.0,68,34,forced_alignment,0.001,141.1,0.0189,0.0879,1.97,16.37,-1.8,0.015,-0.037,-0.03,0.053,0.135
2182083936,10,5,남성,65~74세,TV/AV,TV,202,198.0,42,21,forced_alignment,-0.068,190.4,0.0386,0.0997,2.16,15.45,-0.7,-0.052,-0.103,-0.072,0.016,
2218089508,10,5,남성,20~39세,생활가전,스타일러,215,217.0,25,13,forced_alignment,0.071,177.1,0.0337,0.0987,2.06,18.07,-0.6,0.232,0.039,0.096,-0.07,0.183
2209087273,10,5,남성,50~64세,생활가전,의류건조기,132,132.1,33,16,forced_alignment,-0.021,180.0,0.015,0.0971,2.39,16.44,-0.2,-0.013,-0.179,-0.014,0.051,0.05
2194078966,10,5,남성,50~64세,TV/AV,TV,220,219.0,62,31,forced_alignment,-0.036,189.7,0.0278,0.075,2.17,15.19,-1.9,-0.172,-0.07,-0.013,-0.076,0.083
2197079776,10,5,남성,40~49세,주방가전,광파오븐/전자레인지,214,212.0,48,24,forced_alignment,-0.042,216.2,0.0214,0.114,2.04,15.23,0.1,-0.118,-0.021,-0.024,-0.079,-0.079
2197013999,10,5,남성,75세 이상,에어컨/에어케어,에어컨,163,162.0,32,16,forced_alignment,-0.042,202.0,0.0354,0.0905,1.99,13.2,0.1,0.015,-0.137,-0.076,-0.03,0.101
2190077746,10,5,남성,40~49세,TV/AV,TV,138,137.0,40,20,forced_alignment,-0.082,172.4,0.0163,0.1146,2.02,15.54,-2.2,0.008,-0.179,-0.103,-0.101,0.39
2152033761,10,5,남성,20~39세,생활가전,세탁기,147,147.0,37,18,forced_alignment,-0.044,161.3,0.0242,0.0881,2.39,17.54,-1.3,-0.065,0.032,-0.078,-0.05,-0.046
2170054557,10,5,여성,40~49세,주방가전,냉장고,221,223.1,41,21,forced_alignment,-0.008,234.3,0.0245,0.0904,2.24,15.75,-1.1,0.031,-0.032,-0.009,-0.016,-0.003
2165020637,10,5,여성,50~64세,주방가전,김치냉장고,212,214.1,57,29,forced_alignment,-0.043,209.1,0.017,0.1103,1.54,12.62,1.1,-0.045,-0.158,-0.039,-0.119,0.275
2174079117,10,5,남성,65~74세,TV/AV,TV,203,201.0,55,27,forced_alignment,-0.03,176.8,0.0258,0.0953,2.55,16.48,0.0,0.099,0.012,-0.041,-0.142,
2126027492,10,5,남성,40~49세,PC/모니터,노트북,150,150.1,34,17,forced_alignment,-0.005,148.0,0.033,0.0874,2.22,14.01,-4.6,-0.075,-0.108,0.068,0.07,0.129
2197013518,10,5,남성,50~64세,TV/AV,AV,147,146.0,34,17,forced_alignment,-0.007,162.1,0.0353,0.0949,1.77,12.14,-3.3,-0.096,-0.041,0.028,-0.097,0.247
2183092758,10,5,남성,75세 이상,TV/AV,TV,212,215.1,52,26,forced_alignment,-0.02,176.9,0.0379,0.1111,2.36,13.58,0.3,0.065,-0.045,-0.043,0.006,
2125067546,10,5,여성,50~64세,주방가전,광파오븐/전자레인지,211,213.1,30,15,forced_alignment,-0.077,238.5,0.0323,0.0712,2.15,15.16,-2.7,-0.132,-0.206,-0.014,-0.033,0.306
2134088111,10,5,여성,50~64세,주방가전,식기세척기,135,133.1,21,10,forced_alignment,-0.031,194.4,0.0258,0.0937,1.85,12.23,-2.0,-0.015,-0.025,-0.157,-0.055,0.098
2110060431,10,5,남성,20~39세,TV/AV,AV,214,216.0,22,11,forced_alignment,0.002,130.0,0.0091,0.1023,1.56,14.96,-0.8,-0.013,-0.042,0.001,-0.108,0.151
2187021489,10,5,여성,50~64세,생활가전,의류건조기,215,217.0,37,19,forced_alignment,0.013,217.2,0.0349,0.097,2.42,16.54,-2.8,-0.05,-0.104,-0.016,0.061,0.167
2149065868,10,5,여성,65~74세,주방가전,냉장고,212,214.1,51,26,forced_alignment,-0.027,229.4,0.0387,0.1046,2.44,17.0,-1.4,0.092,0.08,-0.074,-0.097,-0.047
2159005452,10,5,여성,20~39세,주방가전,식기세척기,141,142.1,25,13,forced_alignment,0.118,191.8,0.0192,0.0776,1.57,11.72,1.7,0.157,-0.104,0.026,0.128,0.311
2148102467,10,5,여성,40~49세,기타제품,스마트씽큐,240,241.1,64,32,forced_alignment,-0.015,189.5,0.0326,0.1068,2.51,15.29,0.6,-0.027,-0.027,-0.054,0.012,0.049
2219023992,8,5,남성,40~49세,주방가전,냉장고,183,182.0,45,22,forced_alignment,-0.053,144.1,0.015,0.1014,1.9,16.79,-1.3,-0.07,-0.002,-0.067,-0.062,-0.06
2219037149,8,5,남성,50~64세,생활가전,청소기,137,137.0,32,16,forced_alignment,-0.062,204.3,0.0214,0.0932,2.65,18.49,-1.9,-0.149,-0.179,0.008,-0.013,
2219039680,8,5,여성,20~39세,주방가전,정수기,185,184.0,39,19,forced_alignment,0.047,257.7,0.0254,0.0658,1.79,16.12,1.4,-0.12,0.104,-0.053,0.083,0.397
2219042108,8,4,남성,40~49세,주방가전,식기세척기,232,232.1,56,28,forced_alignment,-0.001,209.5,0.0333,0.0769,2.08,16.7,0.1,-0.043,0.039,-0.025,-0.048,0.033
2219036249,8,5,여성,20~39세,기타제품,기타제품,217,217.0,35,17,forced_alignment,-0.029,198.5,0.0421,0.0747,1.73,11.95,-0.8,-0.065,-0.069,0.048,-0.103,
2219108695,8,5,남성,40~49세,주방가전,냉장고,128,126.0,35,18,forced_alignment,-0.041,128.0,0.017,0.125,2.09,19.25,-1.9,-0.029,-0.079,-0.181,0.163,0.203
2218061616,8,5,여성,50~64세,생활가전,세탁기,156,156.0,35,17,forced_alignment,0.041,197.1,0.0267,0.0969,1.98,14.49,0.2,-0.065,-0.041,0.122,-0.001,
2218078666,7,5,남성,65~74세,TV/AV,TV,148,147.0,36,18,forced_alignment,0.0,231.9,0.0493,0.1115,1.78,16.31,0.1,0.032,-0.085,-0.048,0.07,0.108
2218092196,8,5,남성,75세 이상,주방가전,냉장고,184,184.0,32,16,forced_alignment,0.004,195.3,0.0422,0.0841,1.85,14.09,0.7,0.134,-0.006,-0.055,-0.111,0.336
2218088474,8,5,남성,40~49세,주방가전,정수기,126,125.1,24,12,forced_alignment,-0.018,167.5,0.0224,0.1093,2.01,15.07,-2.9,,-0.177,0.026,-0.024,0.019
2217076943,8,5,여성,50~64세,주방가전,정수기,211,207.0,49,24,forced_alignment,0.003,222.9,0.0262,0.0971,2.02,16.08,0.2,-0.066,0.018,0.002,-0.082,0.089
2217094046,8,5,남성,40~49세,주방가전,냉장고,123,121.0,16,8,forced_alignment,-0.017,111.0,0.0272,0.0851,2.59,14.69,-6.8,-0.167,0.025,0.059,-0.162,0.0
2216043472,7,4,남성,20~39세,AI Home 제품,LG AI Home 제품,224,225.0,53,26,forced_alignment,0.009,159.9,0.0438,0.1206,2.15,14.24,-1.0,0.013,-0.079,0.05,-0.076,0.162
2216046198,8,5,남성,65~74세,주방가전,정수기,233,235.0,47,24,forced_alignment,-0.053,165.2,0.0256,0.115,2.48,16.16,-2.0,-0.098,-0.089,0.019,-0.074,-0.021
2216032115,8,5,여성,50~64세,주방가전,냉장고,136,135.0,22,11,forced_alignment,0.009,214.8,0.037,0.0928,2.22,15.1,-1.9,0.086,-0.125,0.056,0.131,
2216061425,7,4,여성,40~49세,주방가전,냉장고,214,212.0,24,12,forced_alignment,0.015,213.8,0.0338,0.0825,1.9,13.45,-1.3,-0.081,0.136,-0.104,0.123,0.35
2216050374,8,5,여성,50~64세,주방가전,냉장고,224,224.1,37,18,forced_alignment,-0.066,198.1,0.0366,0.0889,1.99,12.92,-2.5,-0.028,-0.081,-0.035,-0.037,-0.28
2216072103,8,5,여성,20~39세,에어컨/에어케어,공기청정기,151,150.1,10,5,forced_alignment,-0.022,203.2,0.021,0.0815,2.26,13.24,-3.8,0.039,-0.001,,-0.144,
2218022405,7,4,여성,50~64세,생활가전,세탁기,217,219.0,44,22,forced_alignment,0.0,194.5,0.0219,0.1151,2.19,17.28,-1.7,0.171,-0.08,0.046,-0.025,-0.01
2215042345,8,5,여성,50~64세,주방가전,정수기,167,166.0,41,20,forced_alignment,-0.049,222.3,0.0254,0.116,2.05,14.7,-0.5,-0.091,-0.077,-0.012,-0.037,-0.145
2215018108,7,4,여성,75세 이상,기타제품,보일러,146,146.0,16,8,forced_alignment,0.009,173.6,0.0367,0.1216,2.14,13.2,0.4,0.12,-0.023,-0.048,,
2215057698,7,5,남성,50~64세,주방가전,냉장고,239,239.0,31,15,forced_alignment,-0.056,136.7,0.0216,0.1284,1.92,15.95,-1.4,-0.119,0.131,-0.091,-0.182,0.006
2215073458,8,5,남성,65~74세,에어컨/에어케어,공기청정기,152,152.1,40,20,forced_alignment,0.01,107.3,0.0226,0.1011,1.43,13.96,0.2,-0.016,0.024,0.001,-0.011,0.038
2215076793,7,5,여성,50~64세,생활가전,청소기,198,197.1,43,21,forced_alignment,0.062,210.7,0.0309,0.0858,2.17,14.74,-0.3,-0.135,0.076,0.04,0.051,0.342
2215071620,8,4,여성,40~49세,생활가전,워시타워,136,137.0,19,10,forced_alignment,0.036,261.6,0.0297,0.0835,1.66,14.77,-0.9,0.044,0.029,-0.004,0.209,0.032
2215063098,8,4,여성,40~49세,생활가전,청소기,216,216.0,32,16,forced_alignment,-0.02,249.2,0.0239,0.1144,2.21,18.61,-1.5,-0.036,-0.112,-0.048,0.059,0.035
2212041639,7,5,여성,20~39세,주방가전,정수기,170,171.0,26,13,forced_alignment,0.02,219.7,0.03,0.0732,1.8,11.54,3.8,0.009,-0.042,-0.145,-0.11,0.247
2212086617,8,3,남성,75세 이상,주방가전,정수기,239,238.0,57,28,forced_alignment,-0.07,221.1,0.033,0.0862,2.34,13.44,-0.1,-0.134,-0.104,-0.024,0.028,-0.118
2212096929,8,4,여성,65~74세,주방가전,정수기,228,227.0,24,12,forced_alignment,0.043,176.2,0.0256,0.1097,2.04,13.99,-1.0,0.276,-0.003,,,
2212109964,7,4,남성,65~74세,주방가전,정수기,218,220.0,45,23,forced_alignment,-0.112,167.6,0.0193,0.1257,2.35,14.83,-1.7,-0.112,-0.301,-0.098,-0.091,-0.067
2212106637,8,5,여성,50~64세,주방가전,정수기,173,173.0,27,13,forced_alignment,-0.006,193.7,0.0324,0.0917,1.73,14.39,0.3,-0.036,0.086,-0.027,-0.021,-0.005
2212104078,8,5,남성,65~74세,주방가전,정수기,168,170.1,35,18,forced_alignment,-0.031,194.1,0.0357,0.0898,2.05,14.77,-0.4,-0.179,-0.051,-0.009,-0.184,0.161
2212121034,7,4,남성,75세 이상,TV/AV,TV,228,229.0,57,29,forced_alignment,0.023,167.7,0.0583,0.0814,2.1,15.78,-1.7,-0.07,-0.013,0.092,-0.062,0.111
2212134016,8,5,여성,50~64세,주방가전,정수기,193,195.1,41,21,forced_alignment,0.018,236.5,0.0325,0.1019,2.24,13.64,-0.3,0.004,-0.056,0.069,0.023,0.071
2211033046,8,5,남성,75세 이상,모바일,SMART폰,139,141.1,25,13,forced_alignment,-0.031,186.4,0.0786,0.0817,2.27,11.83,-1.1,-0.047,-0.052,-0.073,0.062,
2211056637,7,5,여성,50~64세,TV/AV,TV,179,181.0,26,13,forced_alignment,-0.02,232.8,0.0253,0.0866,1.75,12.78,1.7,0.025,-0.052,0.01,-0.086,
2211079787,8,5,남성,20~39세,에어컨/에어케어,에어컨,192,191.0,43,21,forced_alignment,0.013,145.2,0.0225,0.0922,2.22,14.08,-2.6,0.025,0.066,0.016,-0.121,-0.025
2211108695,8,4,남성,65~74세,생활가전,스타일러,210,212.0,35,18,forced_alignment,-0.096,166.0,0.0286,0.0981,2.23,13.07,-1.8,-0.078,-0.082,-0.091,-0.195,-0.059
2210013660,8,5,여성,40~49세,에어컨/에어케어,공기청정기,232,231.1,52,26,forced_alignment,0.02,209.0,0.0226,0.0906,2.01,12.98,-0.9,0.015,-0.031,-0.08,0.126,0.174
2210015313,7,5,여성,20~39세,주방가전,냉장고,204,203.0,41,20,forced_alignment,-0.019,211.5,0.0266,0.099,1.7,17.2,-0.8,-0.002,-0.164,-0.061,0.159,0.088
2210017728,8,4,여성,50~64세,주방가전,정수기,225,224.1,38,19,forced_alignment,-0.05,228.3,0.015,0.0939,1.96,14.68,-1.4,0.016,-0.088,-0.146,-0.193,0.114
2210060624,8,5,남성,20~39세,주방가전,정수기,187,186.1,35,17,forced_alignment,-0.016,159.8,0.0255,0.1233,2.25,16.54,-4.1,-0.136,-0.012,-0.045,0.056,0.007
2210063616,8,5,여성,40~49세,주방가전,정수기,192,191.0,12,6,forced_alignment,-0.035,214.7,0.0326,0.1017,1.53,12.18,-1.0,-0.072,0.003,,,
2210089177,8,5,여성,20~39세,생활가전,의류건조기,189,189.0,28,14,forced_alignment,-0.039,234.2,0.0245,0.1109,1.9,16.66,-1.9,-0.002,-0.051,-0.065,0.019,
2210099108,8,5,여성,65~74세,주방가전,정수기,172,174.0,49,25,forced_alignment,-0.02,204.6,0.0339,0.0957,1.84,13.6,-0.9,-0.076,-0.047,-0.025,-0.042,0.138
2209026541,8,5,남성,65~74세,주방가전,정수기,220,220.0,42,21,forced_alignment,-0.037,222.8,0.0279,0.0935,2.51,14.15,-0.7,0.133,-0.042,-0.064,-0.043,
2209004846,8,5,여성,40~49세,주방가전,정수기,184,185.0,52,26,forced_alignment,-0.011,180.6,0.0229,0.0991,2.02,14.74,0.5,0.064,0.053,-0.052,-0.079,-0.014
2209050138,7,4,여성,50~64세,주방가전,냉장고,212,213.1,40,20,forced_alignment,-0.035,257.8,0.0401,0.0999,2.08,15.67,-2.4,-0.156,0.017,-0.019,-0.022,-0.106
2209056272,8,5,여성,65~74세,주방가전,정수기,186,186.1,34,17,forced_alignment,0.029,206.4,0.0332,0.1124,1.92,13.99,-0.9,0.047,0.128,-0.025,,
2209065011,7,5,남성,50~64세,주방가전,정수기,193,192.0,60,30,forced_alignment,0.056,149.9,0.032,0.1206,2.06,15.64,-2.9,0.21,-0.01,-0.008,0.215,0.086
2209066719,8,3,여성,40~49세,주방가전,김치냉장고,195,197.1,35,18,forced_alignment,0.013,216.0,0.0245,0.0789,2.5,17.32,-0.6,0.02,-0.074,-0.033,-0.057,0.193
2209082520,8,4,여성,40~49세,에어컨/에어케어,공기청정기,197,196.1,34,17,forced_alignment,-0.049,237.3,0.0227,0.0867,2.05,13.08,-1.0,-0.229,-0.008,0.014,-0.162,0.033
2209085459,8,5,남성,40~49세,생활가전,세탁기,154,153.0,36,18,forced_alignment,0.06,218.5,0.0408,0.0923,2.06,14.02,-1.9,0.127,-0.076,0.062,0.115,0.25
2208019767,7,5,남성,65~74세,주방가전,전기레인지,231,230.0,53,26,forced_alignment,-0.03,185.3,0.0274,0.0992,2.07,12.98,-0.4,-0.127,-0.116,0.018,0.065,-0.004
2208024215,8,4,여성,50~64세,생활가전,청소기,157,156.0,32,16,forced_alignment,0.018,189.4,0.0125,0.1062,2.31,12.98,-3.4,-0.212,-0.055,0.052,0.171,0.183
2208008954,8,5,남성,50~64세,주방가전,냉장고,173,175.0,25,13,forced_alignment,-0.076,126.7,0.0431,0.0913,1.53,14.51,-1.4,-0.045,-0.102,-0.103,-0.006,-0.113
2208051258,7,5,여성,50~64세,TV/AV,TV,142,142.1,38,19,forced_alignment,0.055,220.7,0.0308,0.0829,2.02,12.85,1.0,-0.04,-0.003,0.025,0.2,0.05
2207010917,8,5,남성,65~74세,에어컨/에어케어,에어컨,232,234.0,51,26,forced_alignment,0.003,219.3,0.048,0.0877,2.03,12.91,-0.9,0.016,0.052,-0.049,0.028,0.01
2205041133,8,5,여성,65~74세,에어컨/에어케어,에어컨,180,180.0,38,19,forced_alignment,0.048,178.7,0.0298,0.0847,1.87,13.84,0.3,0.146,0.033,0.054,0.013,0.104
2205035131,8,5,남성,75세 이상,주방가전,전기레인지,176,175.0,30,15,forced_alignment,-0.037,205.1,0.0276,0.1097,2.79,13.03,-1.1,0.08,-0.111,-0.027,-0.055,
2205030626,8,4,여성,40~49세,주방가전,정수기,185,187.1,42,21,forced_alignment,0.068,191.8,0.0258,0.0972,2.48,15.85,-1.6,-0.067,0.004,0.049,0.091,0.231
2205065646,8,5,남성,50~64세,생활가전,세탁기,131,130.0,41,20,forced_alignment,-0.065,177.0,0.0264,0.0764,2.05,16.03,-0.6,0.059,-0.054,-0.118,-0.14,0.108
2205061323,8,5,남성,50~64세,에어컨/에어케어,에어컨,124,123.1,15,7,forced_alignment,-0.011,142.7,0.0238,0.076,2.45,16.28,-3.2,-0.071,-0.036,-0.033,0.163,
2205035902,7,5,여성,50~64세,주방가전,김치냉장고,161,160.1,31,16,forced_alignment,-0.023,169.1,0.0162,0.1051,1.82,16.05,-0.8,0.001,-0.016,-0.011,-0.049,-0.037
2205064988,8,5,여성,50~64세,주방가전,정수기,159,158.0,16,8,forced_alignment,-0.024,205.0,0.0318,0.0935,1.9,12.38,2.4,-0.055,-0.036,0.083,,
2205065424,7,5,남성,65~74세,주방가전,정수기,177,174.0,32,16,forced_alignment,-0.037,200.0,0.021,0.1033,2.22,12.85,-0.4,-0.181,-0.101,0.024,,0.084
2205106892,7,5,남성,20~39세,생활가전,스타일러,126,126.0,32,16,forced_alignment,-0.072,167.4,0.0239,0.0898,1.92,13.22,0.8,0.165,-0.077,-0.07,-0.105,-0.153
2205127483,8,5,여성,50~64세,TV/AV,TV,172,174.0,17,9,forced_alignment,0.018,214.8,0.0466,0.1096,2.11,13.48,-4.6,-0.058,0.114,-0.123,0.089,
2205061930,8,5,남성,40~49세,주방가전,정수기,226,225.0,40,20,forced_alignment,-0.053,120.3,0.0122,0.1079,2.15,17.74,-2.7,-0.077,-0.114,-0.072,-0.072,0.124
2204049986,8,4,여성,50~64세,에어컨/에어케어,공기청정기,166,166.0,32,16,forced_alignment,0.023,222.0,0.0281,0.0905,2.03,15.67,-3.8,,-0.06,0.039,-0.059,0.254
2204048327,8,4,여성,40~49세,주방가전,정수기,131,125.1,35,17,forced_alignment,0.016,219.0,0.0297,0.093,2.03,13.46,0.1,-0.05,0.035,0.025,0.091,-0.231
2204061072,8,5,여성,20~39세,주방가전,정수기,178,179.1,32,16,forced_alignment,0.057,251.9,0.0291,0.0972,2.05,13.0,1.0,0.107,0.147,0.016,0.039,-0.087
2204093300,8,5,남성,40~49세,TV/AV,TV,172,173.0,36,18,forced_alignment,-0.071,144.0,0.0179,0.1059,2.54,14.96,-2.2,-0.123,0.039,-0.071,-0.179,-0.079
2203016242,8,4,남성,65~74세,주방가전,김치냉장고,141,141.1,34,17,forced_alignment,0.031,177.3,0.0302,0.0989,2.18,16.65,-0.5,0.101,-0.049,0.046,0.039,0.188
2203063520,8,5,남성,20~39세,주방가전,냉장고,214,214.1,49,24,forced_alignment,0.02,232.4,0.0152,0.1101,2.32,17.49,-2.0,-0.062,0.003,0.018,0.122,0.022
2203071746,8,5,여성,20~39세,주방가전,냉장고,203,202.0,18,9,forced_alignment,-0.085,227.5,0.0331,0.0822,2.0,14.69,-2.7,-0.006,-0.14,-0.195,,-0.001
2203091873,8,5,여성,20~39세,생활가전,의류건조기,167,166.0,41,20,forced_alignment,0.041,189.4,0.0167,0.0998,2.11,16.29,-1.1,-0.107,0.002,0.026,0.177,-0.088
2202026499,7,5,여성,20~39세,에어컨/에어케어,공기청정기,182,180.0,14,7,forced_alignment,-0.034,219.5,0.03,0.0982,2.29,14.26,-3.8,0.097,0.08,-0.104,-0.144,
2202093105,8,5,여성,50~64세,주방가전,정수기,170,172.0,43,22,forced_alignment,-0.018,189.4,0.0373,0.086,2.28,14.8,-2.1,0.078,0.042,-0.069,0.001,-0.095
2202012372,8,5,여성,40~49세,주방가전,정수기,192,192.0,43,21,forced_alignment,-0.01,191.5,0.0279,0.0936,1.77,15.08,1.8,-0.099,-0.071,0.033,-0.074,0.123
2201021152,8,4,남성,65~74세,주방가전,정수기,179,179.1,29,14,forced_alignment,-0.079,153.1,0.0249,0.1249,2.36,16.53,-4.9,0.121,-0.077,-0.18,-0.089,
2201026104,8,5,여성,50~64세,주방가전,정수기,168,169.1,37,19,forced_alignment,-0.01,218.6,0.023,0.1136,2.3,13.41,2.1,-0.117,-0.017,-0.007,0.134,0.001
2201085274,8,5,남성,50~64세,주방가전,가스오븐/가스레인지,135,136.0,23,12,forced_alignment,-0.105,178.3,0.0367,0.0838,1.93,15.25,-1.8,0.212,-0.182,-0.221,,-0.057
2201087004,8,5,여성,20~39세,TV/AV,TV,141,142.1,21,11,forced_alignment,-0.049,210.4,0.0329,0.0732,2.03,13.2,-1.7,-0.118,-0.087,0.043,,-0.096
2199000181,8,5,여성,65~74세,주방가전,냉장고,216,216.0,38,19,forced_alignment,-0.018,215.2,0.0446,0.0891,2.16,13.78,-3.3,0.312,-0.152,-0.068,0.033,0.036
2198050284,8,5,여성,40~49세,주방가전,정수기,206,207.0,43,22,forced_alignment,-0.056,248.1,0.03,0.1202,2.11,18.82,-1.8,-0.169,-0.106,0.003,-0.046,-0.132
2198079597,8,5,남성,20~39세,주방가전,냉장고,170,172.0,29,15,forced_alignment,-0.046,171.1,0.0195,0.0729,2.32,15.09,-1.1,0.005,0.119,-0.099,-0.139,0.074
2198096552,8,5,여성,20~39세,주방가전,정수기,126,128.0,23,12,forced_alignment,-0.069,235.8,0.0263,0.1462,1.87,16.61,-1.1,-0.172,-0.055,-0.068,-0.185,0.195
2198106082,8,5,여성,50~64세,주방가전,김치냉장고,198,200.0,27,14,forced_alignment,0.038,236.4,0.0555,0.0854,2.41,16.51,-3.5,0.276,-0.071,-0.14,0.108,0.146
2198108252,8,4,남성,50~64세,생활가전,워시타워,198,196.1,47,23,forced_alignment,0.038,168.6,0.0193,0.0989,1.96,18.58,-2.0,-0.116,0.054,0.036,0.119,-0.017
2197047407,8,5,여성,65~74세,생활가전,안마의자,126,125.1,23,11,forced_alignment,0.004,184.1,0.0262,0.0969,2.31,15.49,-1.7,-0.064,-0.009,-0.132,0.176,0.15
2196032709,8,5,여성,50~64세,주방가전,김치냉장고,197,196.1,46,23,forced_alignment,-0.005,217.7,0.032,0.0992,1.81,14.9,0.6,0.047,-0.163,0.052,0.008,0.207
2196043596,8,5,남성,40~49세,주방가전,김치냉장고,204,206.1,9,4,forced_alignment,0.08,167.9,0.0225,0.0957,2.31,15.01,-4.5,0.128,0.109,-0.045,,
2195050621,8,4,여성,50~64세,생활가전,청소기,220,221.0,42,21,forced_alignment,-0.005,205.7,0.0222,0.105,2.32,16.86,-1.3,0.115,-0.007,-0.091,-0.012,0.154
2194008766,8,5,남성,20~39세,생활가전,워시타워,170,171.0,19,10,forced_alignment,-0.02,140.4,0.0133,0.1031,2.03,18.58,-4.4,-0.03,-0.039,-0.06,-0.072,0.245
2194021853,8,5,여성,40~49세,주방가전,김치냉장고,149,148.0,32,16,forced_alignment,-0.031,214.5,0.0308,0.1023,1.84,14.31,-0.3,-0.119,-0.188,0.065,-0.238,0.019
2194058757,8,5,여성,20~39세,생활가전,의류건조기,153,153.0,48,24,forced_alignment,0.063,219.8,0.0238,0.1047,1.78,15.08,0.6,0.043,-0.026,0.066,0.077,0.197
2191011337,7,4,여성,40~49세,주방가전,냉장고,189,191.0,33,17,forced_alignment,-0.017,181.3,0.0221,0.1109,2.24,15.55,-1.7,-0.071,-0.017,0.11,-0.095,-0.006
2191020474,8,5,여성,20~39세,주방가전,정수기,121,121.0,14,7,forced_alignment,-0.022,222.0,0.023,0.0998,1.73,13.0,-1.7,-0.063,-0.047,0.003,,0.044
2191056758,8,5,여성,65~74세,에어컨/에어케어,공기청정기,215,214.1,38,19,forced_alignment,0.018,237.9,0.0326,0.0845,2.24,17.07,-0.4,0.063,0.009,0.055,-0.169,0.144
2191084714,8,5,남성,40~49세,주방가전,냉장고,213,213.1,40,20,forced_alignment,-0.013,151.0,0.0272,0.0962,2.39,15.98,-3.8,-0.099,-0.014,-0.101,0.025,0.116
2191089314,8,5,남성,50~64세,주방가전,정수기,170,170.1,34,17,forced_alignment,0.006,139.1,0.0248,0.0943,2.15,13.22,-1.8,-0.112,-0.085,0.038,-0.048,0.388
2191102888,7,4,남성,40~49세,주방가전,정수기,129,129.0,38,19,forced_alignment,-0.012,168.7,0.0334,0.0795,2.13,14.25,-0.5,0.065,-0.067,-0.016,0.06,
2191099282,7,4,여성,50~64세,생활가전,청소기,127,128.0,15,8,forced_alignment,0.058,202.6,0.0276,0.0982,1.86,15.8,-1.8,0.144,0.125,-0.042,,0.213
2191073697,8,4,여성,50~64세,주방가전,식기세척기,234,234.0,56,28,forced_alignment,0.007,229.1,0.0339,0.1286,1.86,15.48,0.3,-0.133,-0.018,0.05,0.014,-0.053
2191089021,7,5,남성,50~64세,주방가전,냉장고,194,194.0,34,17,forced_alignment,0.01,141.7,0.03,0.1295,1.88,15.22,-4.5,-0.104,0.007,-0.037,-0.014,0.14
2190031600,8,4,여성,40~49세,주방가전,전기레인지,196,198.0,34,17,forced_alignment,-0.061,240.9,0.0246,0.0983,2.27,14.33,-1.6,0.175,-0.101,-0.184,0.185,0.071
2190070373,8,4,남성,20~39세,주방가전,김치냉장고,180,181.0,39,20,forced_alignment,-0.065,133.3,0.0232,0.1026,2.1,16.29,-0.9,-0.241,-0.16,0.036,-0.08,0.097
2190074843,8,5,남성,65~74세,주방가전,냉장고,192,194.0,37,19,forced_alignment,-0.074,170.9,0.0323,0.0782,2.02,13.86,-1.1,-0.012,-0.033,-0.067,-0.182,-0.048
2190095648,8,4,남성,65~74세,주방가전,정수기,131,132.1,29,15,forced_alignment,0.118,185.5,0.0483,0.0749,1.96,12.48,1.1,0.042,0.075,0.056,0.188,0.262
2190002972,8,4,여성,50~64세,주방가전,냉장고,233,233.1,39,19,forced_alignment,-0.018,220.8,0.0248,0.0905,2.02,14.19,-0.7,0.054,0.008,-0.125,0.099,-0.029
2190087209,8,5,여성,65~74세,주방가전,김치냉장고,191,192.0,50,25,forced_alignment,0.064,225.3,0.0238,0.1132,2.25,15.58,-0.2,-0.002,0.112,0.036,-0.04,0.167
2189015425,8,4,남성,65~74세,생활가전,청소기,222,224.1,42,21,forced_alignment,-0.029,163.6,0.044,0.0742,2.37,15.47,-2.8,0.012,-0.095,-0.087,0.055,0.043
2189094743,7,4,여성,50~64세,주방가전,정수기,203,204.1,29,15,forced_alignment,0.017,240.7,0.0318,0.0856,2.25,14.28,-3.8,0.113,-0.015,0.023,-0.054,-0.003
2189094625,8,5,여성,50~64세,주방가전,정수기,150,151.1,17,9,forced_alignment,0.039,201.3,0.0381,0.0671,2.23,15.16,-1.2,0.376,-0.119,-0.084,,-0.251
2188055324,8,5,남성,40~49세,주방가전,정수기,207,206.1,55,27,forced_alignment,0.029,141.5,0.0192,0.1022,2.17,14.7,-1.6,-0.006,0.043,0.048,0.036,-0.047
2188052976,8,5,여성,40~49세,주방가전,정수기,230,229.0,40,20,forced_alignment,-0.068,233.2,0.0185,0.1177,2.22,16.62,-1.9,0.026,-0.133,-0.116,-0.013,
2188052471,8,5,여성,40~49세,주방가전,식기세척기,165,166.0,26,13,forced_alignment,-0.046,284.4,0.0169,0.1216,2.23,20.49,-0.3,0.071,-0.181,-0.038,-0.207,0.407
2188098562,8,5,남성,50~64세,생활가전,청소기,226,228.0,51,26,forced_alignment,-0.05,189.8,0.0325,0.0745,2.37,17.76,-2.5,0.033,-0.075,-0.064,-0.157,0.031
2186021314,7,5,여성,50~64세,주방가전,전기레인지,149,150.1,43,22,forced_alignment,-0.017,219.8,0.0354,0.1026,1.84,11.44,0.5,0.033,-0.004,0.029,-0.063,-0.176
2184011298,8,5,남성,20~39세,생활가전,워시타워,150,152.1,24,12,forced_alignment,-0.005,104.7,0.0107,0.0939,2.0,13.72,-2.2,-0.097,0.079,0.021,-0.053,-0.081
2184020892,8,4,여성,50~64세,주방가전,냉장고,149,151.1,28,14,forced_alignment,0.156,248.8,0.0504,0.0995,1.88,14.24,-2.3,0.326,0.214,-0.013,0.1,0.096
2184034419,8,5,남성,40~49세,에어컨/에어케어,에어컨,152,153.0,29,15,forced_alignment,-0.007,160.2,0.0305,0.0695,2.28,14.75,0.3,-0.127,-0.017,0.063,0.056,-0.168
2184047264,8,4,여성,50~64세,주방가전,냉장고,223,225.0,40,20,forced_alignment,0.008,214.1,0.0311,0.0917,1.96,14.64,-2.0,0.096,-0.018,-0.114,0.049,0.088
2184060201,8,5,여성,50~64세,주방가전,냉장고,174,169.1,38,19,forced_alignment,0.133,219.7,0.0333,0.0942,1.79,12.1,0.7,-0.072,0.122,0.218,-0.116,0.301
2184075218,8,4,여성,40~49세,주방가전,정수기,129,131.0,23,12,forced_alignment,-0.035,233.5,0.0209,0.0931,1.92,15.45,-0.8,-0.031,-0.061,0.158,-0.008,-0.11
2183072465,8,5,남성,75세 이상,생활가전,세탁기,153,154.0,29,15,forced_alignment,-0.055,178.0,0.0318,0.0748,2.58,17.67,-3.7,-0.09,-0.116,-0.045,0.096,
2184092964,8,5,여성,65~74세,주방가전,김치냉장고,166,165.0,59,29,forced_alignment,0.051,265.8,0.0391,0.1064,2.29,12.34,-1.3,0.059,-0.012,0.073,0.024,0.243
2182052609,8,5,여성,50~64세,주방가전,냉장고,158,158.0,31,15,forced_alignment,0.013,204.2,0.0291,0.1081,1.84,14.15,-0.5,0.042,0.03,-0.06,0.228,0.088
2182058606,8,5,남성,50~64세,주방가전,냉장고,150,149.0,45,22,forced_alignment,0.048,178.7,0.0335,0.0982,2.3,14.45,0.2,0.018,0.132,0.002,-0.058,0.366
2182057909,8,5,여성,50~64세,TV/AV,TV,166,168.1,30,15,forced_alignment,-0.003,195.9,0.0376,0.0918,2.14,13.43,-3.3,-0.11,0.015,0.052,-0.044,0.016
2182055118,8,5,남성,65~74세,주방가전,정수기,142,141.1,34,17,forced_alignment,-0.067,138.7,0.026,0.0868,1.73,13.17,-0.1,-0.049,-0.003,-0.124,-0.09,0.136
2182084521,8,5,여성,40~49세,주방가전,정수기,229,228.0,35,17,forced_alignment,0.02,246.8,0.0462,0.0834,1.97,14.46,-1.0,0.272,-0.046,-0.119,0.045,0.233
2182089687,8,5,여성,50~64세,주방가전,광파오븐/전자레인지,209,211.0,33,17,forced_alignment,0.007,185.5,0.0137,0.1017,1.49,14.77,-1.3,-0.053,-0.071,0.024,0.112,0.05
2181027768,8,5,여성,50~64세,주방가전,냉장고,171,170.1,37,18,forced_alignment,-0.001,235.5,0.0322,0.0827,1.77,12.48,3.0,-0.177,0.037,-0.056,-0.08,0.288
2181058426,8,4,여성,65~74세,생활가전,의류건조기,182,184.0,58,29,forced_alignment,0.013,213.6,0.032,0.0904,1.94,14.54,-1.7,0.069,-0.03,-0.052,0.055,0.107
2181065402,8,5,여성,20~39세,생활가전,세탁기,130,129.0,3,1,forced_alignment,-0.183,190.9,0.0161,0.1363,2.28,12.83,-7.0,-0.183,,,,
2181077849,8,5,여성,50~64세,생활가전,의류건조기,220,222.1,63,32,forced_alignment,-0.08,223.6,0.0212,0.0951,2.11,15.26,0.4,0.042,-0.112,-0.038,-0.226,-0.041
2181079379,7,5,여성,50~64세,주방가전,정수기,164,165.0,47,24,forced_alignment,0.011,225.0,0.0355,0.0875,2.29,12.38,0.0,0.161,-0.023,-0.036,-0.016,0.077
2181084426,7,5,남성,40~49세,에어컨/에어케어,공기청정기,220,222.1,41,21,forced_alignment,-0.057,164.0,0.028,0.1079,2.47,16.14,-4.3,0.04,-0.201,-0.013,-0.051,
2180055952,8,5,여성,40~49세,생활가전,세탁기,125,127.0,24,12,forced_alignment,0.062,201.2,0.0264,0.0671,1.96,13.51,0.5,0.152,,0.027,-0.099,0.166
2182057328,8,4,여성,65~74세,생활가전,세탁기,185,185.0,40,20,forced_alignment,-0.089,222.7,0.041,0.101,2.2,15.99,-3.1,0.226,-0.172,-0.16,-0.176,0.222
2180075669,8,5,남성,50~64세,주방가전,전기레인지,149,148.0,31,15,forced_alignment,-0.093,179.7,0.0255,0.0751,1.68,12.02,0.2,-0.05,-0.078,-0.091,-0.067,-0.217
2179011570,8,5,여성,65~74세,생활가전,세탁기,158,160.1,21,11,forced_alignment,-0.044,190.2,0.0271,0.0887,1.76,15.45,-2.7,-0.117,0.061,-0.095,-0.118,
2177034515,8,5,여성,20~39세,에어컨/에어케어,공기청정기,190,189.0,40,20,forced_alignment,-0.078,240.1,0.0543,0.1063,1.96,15.26,-3.5,0.001,-0.072,-0.138,-0.02,
2177010851,8,5,여성,50~64세,생활가전,청소기,223,222.1,46,23,forced_alignment,-0.061,211.4,0.0316,0.1106,2.25,13.88,-1.4,-0.071,-0.126,-0.069,-0.016,0.182
2177071776,7,4,남성,50~64세,주방가전,정수기,223,224.1,65,33,forced_alignment,-0.029,165.3,0.0158,0.1106,1.97,13.72,-2.0,-0.077,-0.024,-0.004,-0.1,0.031
2177087320,8,5,남성,50~64세,TV/AV,TV,179,178.1,33,16,forced_alignment,-0.067,167.9,0.0354,0.0815,2.17,18.31,-3.6,-0.096,-0.071,-0.064,-0.034,
2177098793,8,5,남성,50~64세,주방가전,정수기,145,146.0,35,18,forced_alignment,-0.091,159.7,0.0081,0.1229,2.37,15.85,-2.0,0.061,-0.126,-0.125,0.119,
2177104382,8,4,남성,75세 이상,생활가전,청소기,159,161.1,31,16,forced_alignment,-0.087,215.9,0.0428,0.0744,2.09,17.39,-1.6,-0.146,-0.133,-0.045,-0.011,0.0
2177121738,8,5,여성,50~64세,생활가전,세탁기,136,138.0,30,15,forced_alignment,0.084,221.9,0.0289,0.0713,2.08,13.48,-0.9,0.067,0.024,-0.022,0.154,0.24
2177079213,8,4,응답을 원하지 않음,,생활가전,워시타워,233,235.0,34,17,forced_alignment,-0.02,226.3,0.0294,0.0752,1.86,17.22,0.7,0.083,0.005,-0.033,-0.039,-0.058
2176008164,7,5,남성,20~39세,TV/AV,TV,161,161.1,34,17,forced_alignment,-0.076,157.5,0.0277,0.0836,2.44,15.74,1.2,-0.114,-0.121,-0.164,0.035,0.414
2176015060,8,5,여성,40~49세,주방가전,정수기,176,175.0,31,15,forced_alignment,0.037,198.5,0.0198,0.09,2.09,15.61,-1.3,-0.103,0.146,-0.044,-0.034,0.191
2176049837,7,5,여성,40~49세,주방가전,정수기,200,199.0,63,31,forced_alignment,0.037,212.8,0.0299,0.0893,1.98,13.43,0.1,-0.051,0.124,0.009,-0.091,0.323
2176070380,8,5,남성,65~74세,주방가전,정수기,136,134.1,15,7,forced_alignment,-0.042,178.9,0.0305,0.099,2.37,11.83,-0.2,-0.063,-0.034,,,
2177104139,8,4,여성,50~64세,주방가전,정수기,137,136.0,30,15,forced_alignment,-0.084,283.5,0.0162,0.1205,2.33,13.75,0.0,-0.112,-0.058,-0.07,-0.123,
2175002786,8,5,남성,65~74세,주방가전,정수기,221,221.0,32,16,forced_alignment,-0.07,141.1,0.0242,0.1081,1.91,13.02,-2.0,-0.113,-0.232,0.04,-0.05,
2175019203,8,5,여성,65~74세,주방가전,정수기,156,155.0,40,20,forced_alignment,0.006,213.0,0.0326,0.0932,1.9,14.88,-0.8,-0.086,-0.043,-0.024,-0.052,0.244
2175066113,8,5,여성,20~39세,생활가전,청소기,192,191.0,26,13,forced_alignment,-0.017,213.9,0.0214,0.1012,1.7,13.13,-0.7,-0.146,-0.069,-0.006,-0.021,0.178
2175079722,8,5,여성,50~64세,생활가전,세탁기,188,190.0,51,26,forced_alignment,-0.027,194.7,0.0125,0.1283,2.27,13.05,0.4,0.071,0.026,-0.096,0.018,-0.026
2174028310,8,5,여성,50~64세,주방가전,냉장고,195,194.0,27,13,forced_alignment,0.011,229.8,0.0363,0.0777,2.03,14.28,-1.3,0.223,-0.077,0.032,,
2174066762,7,4,남성,20~39세,에어컨/에어케어,공기청정기,141,140.0,41,20,forced_alignment,-0.047,159.3,0.0192,0.0797,2.16,13.5,-1.9,-0.097,-0.152,0.004,-0.03,0.297
2174045021,8,4,여성,65~74세,생활가전,세탁기,174,174.0,29,14,forced_alignment,-0.064,254.8,0.0723,0.0877,1.81,15.47,-1.9,-0.034,0.037,-0.145,-0.086,
2174049723,8,5,여성,50~64세,생활가전,청소기,143,142.1,32,16,forced_alignment,0.116,214.0,0.0294,0.0862,2.26,11.08,2.2,0.292,0.154,0.115,-0.06,
2173042998,7,5,여성,50~64세,주방가전,김치냉장고,185,184.0,39,19,forced_alignment,-0.038,203.5,0.026,0.0934,2.09,14.74,-2.4,0.158,-0.059,-0.093,0.106,
2172006959,7,4,여성,40~49세,주방가전,냉장고,127,128.0,38,19,forced_alignment,-0.027,235.4,0.0277,0.1056,1.99,16.5,1.7,-0.045,-0.059,-0.039,-0.04,0.128
2172011841,8,4,남성,50~64세,생활가전,청소기,171,173.0,45,23,forced_alignment,-0.072,177.2,0.0153,0.1208,2.13,17.95,-2.3,-0.025,-0.012,-0.132,-0.101,-0.072
2172014414,8,5,남성,75세 이상,주방가전,정수기,126,125.1,27,14,forced_alignment,-0.056,130.4,0.0397,0.0961,1.68,16.98,-2.1,0.144,-0.126,-0.038,-0.06,-0.033
2174074525,8,5,여성,40~49세,생활가전,청소기,126,129.0,33,17,forced_alignment,0.05,244.8,0.0355,0.1031,2.26,15.2,-1.0,0.113,-0.008,0.017,0.009,0.177
2170031515,8,5,여성,50~64세,주방가전,김치냉장고,126,125.1,20,10,forced_alignment,-0.05,179.0,0.0307,0.0901,2.26,15.62,-3.0,0.143,-0.111,-0.114,-0.073,
2170070008,8,5,여성,65~74세,생활가전,세탁기,232,231.1,14,7,forced_alignment,-0.008,182.0,0.0419,0.0784,1.87,12.4,-3.5,0.044,-0.053,-0.2,,0.115
2170092269,8,5,여성,50~64세,주방가전,정수기,138,140.0,25,13,forced_alignment,-0.018,229.4,0.023,0.1161,2.52,17.63,0.9,-0.22,-0.056,-0.223,0.416,0.282
2170093246,8,4,남성,50~64세,주방가전,정수기,151,153.0,31,16,forced_alignment,-0.027,163.9,0.039,0.0852,2.1,14.37,0.2,-0.064,-0.098,-0.008,0.051,0.008
2169054863,8,5,남성,50~64세,주방가전,냉장고,215,215.1,48,24,forced_alignment,-0.055,116.6,0.0153,0.1144,2.19,20.69,-2.8,0.061,0.011,-0.089,-0.136,-0.061
2169069865,7,5,남성,20~39세,주방가전,냉장고,174,175.0,26,13,forced_alignment,0.018,131.7,0.017,0.1056,2.24,16.04,-4.6,0.012,0.107,-0.036,-0.061,-0.043
2169081598,8,5,여성,40~49세,생활가전,의류건조기,160,159.1,42,21,forced_alignment,0.068,233.4,0.0259,0.0967,1.88,12.53,3.9,-0.208,0.01,0.13,0.073,0.182
2168051480,8,5,여성,40~49세,에어컨/에어케어,공기청정기,123,121.0,30,15,forced_alignment,0.057,211.8,0.023,0.0975,1.88,14.36,-2.2,-0.037,0.025,0.131,0.019,0.106
2168058153,8,4,응답을 원하지 않음,,생활가전,세탁기,135,134.1,39,19,forced_alignment,-0.054,158.5,0.0321,0.0889,2.06,12.3,-2.9,0.014,-0.066,-0.085,-0.095,0.086
2168059018,7,5,남성,50~64세,주방가전,김치냉장고,136,135.0,37,18,forced_alignment,0.021,148.8,0.0195,0.1034,1.57,17.82,-2.8,0.091,0.036,-0.032,-0.013,0.394
2168065749,8,5,남성,40~49세,주방가전,냉장고,220,221.0,53,27,forced_alignment,-0.012,139.6,0.0397,0.0944,1.84,13.95,-1.9,0.03,-0.031,-0.069,0.054,0.074
2168069777,8,5,남성,20~39세,주방가전,김치냉장고,131,133.1,29,15,forced_alignment,-0.053,123.1,0.027,0.097,2.45,17.67,-2.6,0.034,-0.045,-0.162,-0.07,-0.023
2166018160,8,5,여성,20~39세,생활가전,세탁기,148,147.0,22,11,forced_alignment,0.007,212.9,0.0248,0.0919,2.24,17.62,1.9,-0.063,-0.046,0.057,0.11,
2166015235,7,2,여성,65~74세,주방가전,전기레인지,142,142.1,36,18,forced_alignment,0.026,172.1,0.0366,0.0741,2.13,15.14,-3.0,0.174,-0.126,0.105,-0.072,0.171
2166067635,7,5,여성,50~64세,주방가전,김치냉장고,160,158.0,38,19,forced_alignment,0.014,255.5,0.0321,0.0917,2.32,15.76,0.2,-0.127,-0.139,0.046,0.227,0.343
2165010120,8,5,남성,75세 이상,주방가전,정수기,222,223.1,50,25,forced_alignment,0.024,199.6,0.037,0.0786,1.68,12.07,1.3,0.162,-0.004,-0.046,0.129,0.125
2162011504,8,5,여성,20~39세,주방가전,정수기,206,205.1,55,27,forced_alignment,0.004,247.5,0.0242,0.0897,1.98,17.31,0.9,-0.141,0.022,-0.001,0.065,-0.003
2162019246,7,5,여성,65~74세,주방가전,냉장고,138,139.0,16,8,forced_alignment,-0.019,246.8,0.0253,0.097,2.38,17.88,0.9,-0.14,-0.064,-0.094,0.218,0.177
2162007830,7,5,여성,20~39세,생활가전,청소기,239,241.1,19,10,forced_alignment,-0.018,226.0,0.0304,0.0633,2.22,15.95,-2.5,-0.081,0.088,-0.088,-0.017,-0.068
2162049487,7,5,남성,20~39세,PC/모니터,노트북,169,169.1,36,18,forced_alignment,-0.025,137.5,0.0156,0.0945,2.36,16.27,-2.9,0.196,-0.012,-0.134,-0.059,0.089
2159031948,7,3,여성,65~74세,주방가전,광파오븐/전자레인지,130,130.0,26,13,forced_alignment,-0.047,195.3,0.0232,0.1038,1.82,17.52,1.6,-0.143,-0.176,-0.074,0.126,
2159077156,7,5,여성,50~64세,주방가전,광파오븐/전자레인지,163,162.0,41,20,forced_alignment,0.048,231.7,0.0265,0.0962,2.03,15.03,1.7,-0.157,-0.098,0.031,0.091,0.339
2159084220,7,5,여성,50~64세,에어컨/에어케어,공기청정기,203,205.1,43,22,forced_alignment,0.063,202.7,0.026,0.1041,2.12,14.45,-1.7,0.062,0.019,0.101,-0.016,0.156
2159085129,8,4,남성,40~49세,주방가전,정수기,216,215.1,45,22,forced_alignment,-0.047,162.5,0.0266,0.1013,2.36,15.24,-1.8,0.004,-0.001,-0.108,-0.131,-0.006
2157006535,8,4,남성,75세 이상,생활가전,세탁기,134,135.0,27,13,forced_alignment,0.018,127.1,0.0326,0.0962,2.16,13.88,-4.1,0.125,-0.014,0.054,-0.04,0.065
2156050378,8,5,여성,20~39세,에어컨/에어케어,공기청정기,162,164.0,29,15,forced_alignment,-0.032,199.6,0.0162,0.1092,2.55,15.34,0.2,-0.009,-0.158,-0.131,0.027,0.211
2156019071,8,4,여성,50~64세,주방가전,전기레인지,219,218.0,34,17,forced_alignment,0.006,212.4,0.0385,0.0763,2.19,13.79,-2.7,-0.186,-0.003,0.018,-0.068,0.383
2156078328,8,4,여성,50~64세,주방가전,김치냉장고,182,182.0,23,12,forced_alignment,0.048,220.8,0.0344,0.0918,2.01,15.04,-0.4,0.17,0.048,-0.092,,-0.017
2156091146,7,5,남성,20~39세,생활가전,세탁기,160,161.1,30,15,forced_alignment,-0.054,132.8,0.0213,0.0935,2.64,17.61,-1.7,-0.063,-0.092,-0.127,-0.079,0.109
2156124386,8,5,여성,50~64세,생활가전,청소기,201,202.0,29,15,forced_alignment,0.005,179.6,0.0169,0.0909,1.85,13.67,0.5,0.14,-0.12,0.037,-0.083,0.293
2155013330,7,5,남성,65~74세,생활가전,세탁기,177,175.0,43,21,forced_alignment,-0.001,165.3,0.0539,0.0789,2.22,14.86,-1.2,0.272,-0.099,0.005,0.044,-0.013
2155050913,8,5,여성,50~64세,TV/AV,TV,151,153.0,29,15,forced_alignment,0.04,210.7,0.0357,0.1004,2.14,14.65,-0.5,0.065,0.095,-0.015,-0.041,0.149
2155011032,8,5,남성,65~74세,주방가전,냉장고,122,123.1,28,14,forced_alignment,-0.05,147.1,0.0402,0.0742,1.96,15.01,-0.6,-0.187,-0.137,-0.111,0.1,0.101
2155062036,8,5,남성,50~64세,주방가전,김치냉장고,189,191.0,43,22,forced_alignment,0.002,207.6,0.0338,0.0998,2.17,16.55,-1.5,0.084,-0.048,-0.029,-0.05,0.112
2155005342,8,4,여성,40~49세,주방가전,정수기,230,230.0,47,23,forced_alignment,-0.014,202.8,0.0289,0.0867,2.33,13.85,-0.2,-0.058,-0.042,0.054,-0.088,0.006
2155072865,7,5,남성,40~49세,생활가전,세탁기,213,213.1,40,20,forced_alignment,-0.006,244.1,0.0218,0.0998,2.33,18.25,-1.1,-0.12,-0.096,0.051,-0.166,0.199
2155096475,7,5,여성,65~74세,주방가전,정수기,187,186.1,46,23,forced_alignment,-0.028,229.6,0.0419,0.0985,2.28,13.28,-1.1,-0.081,-0.078,-0.006,0.138,
2154010920,7,5,여성,20~39세,생활가전,청소기,144,143.1,22,11,forced_alignment,0.011,213.6,0.0251,0.0776,1.75,13.05,3.6,0.167,-0.112,-0.139,0.09,0.037
2154003451,8,5,남성,50~64세,기타제품,기타제품,182,180.0,28,14,forced_alignment,-0.002,164.7,0.04,0.0949,1.9,17.16,0.1,0.099,0.032,-0.058,-0.231,0.223
2154008436,8,4,남성,65~74세,TV/AV,TV,164,163.0,30,15,forced_alignment,0.028,218.4,0.0628,0.1019,2.54,14.86,-1.3,-0.069,0.046,0.046,0.039,-0.02
2154029489,8,5,여성,65~74세,에어컨/에어케어,제습/가습기,229,228.0,29,14,forced_alignment,-0.012,196.0,0.0177,0.1001,2.32,19.97,-2.3,0.241,-0.062,-0.039,,
2154100951,8,5,여성,20~39세,에어컨/에어케어,제습/가습기,222,223.1,53,27,forced_alignment,-0.023,178.9,0.0301,0.104,2.0,16.89,0.9,-0.066,-0.068,-0.056,-0.034,0.128
2153031565,8,5,남성,50~64세,생활가전,세탁기,133,132.1,22,11,forced_alignment,0.045,239.7,0.0182,0.0755,2.08,12.59,0.3,-0.002,-0.126,0.124,0.099,0.168
2153044116,8,5,여성,50~64세,생활가전,세탁기,124,122.0,16,8,forced_alignment,-0.16,180.4,0.0304,0.0925,1.98,15.28,-1.9,,-0.159,-0.146,-0.204,
2153048025,8,4,남성,50~64세,주방가전,냉장고,142,144.0,35,18,forced_alignment,-0.044,108.1,0.0096,0.1216,1.55,16.46,-0.7,-0.098,-0.146,-0.014,-0.046,0.062
2153092522,8,4,여성,50~64세,주방가전,정수기,238,240.1,52,26,forced_alignment,0.056,198.6,0.0365,0.0786,1.96,13.67,-1.4,0.294,0.061,0.006,-0.082,0.122
2153028071,8,5,여성,50~64세,TV/AV,TV,210,209.0,45,22,forced_alignment,-0.059,179.4,0.0302,0.0911,2.4,15.02,-1.2,-0.031,-0.158,-0.028,-0.001,-0.059
2152052030,8,4,남성,65~74세,에어컨/에어케어,에어컨,198,197.1,41,20,forced_alignment,0.039,192.3,0.0332,0.079,2.58,16.17,-1.9,-0.109,0.037,0.003,0.011,0.38
2149026993,8,5,여성,50~64세,주방가전,정수기,236,236.0,52,26,forced_alignment,0.023,212.1,0.0192,0.1016,2.24,16.46,-1.2,0.029,0.016,0.007,-0.051,0.121
2149003337,7,4,여성,50~64세,TV/AV,TV,172,174.0,24,12,forced_alignment,0.031,178.1,0.0246,0.0929,2.05,15.36,-3.9,0.061,-0.113,0.029,0.073,0.189
2149081812,8,5,여성,50~64세,주방가전,김치냉장고,156,155.0,37,18,forced_alignment,-0.03,234.5,0.0199,0.1117,1.67,13.39,0.7,-0.069,-0.12,0.002,0.01,0.027
2149104914,8,5,남성,65~74세,주방가전,정수기,217,216.0,42,21,forced_alignment,0.012,147.6,0.0443,0.1101,2.15,13.94,-2.2,-0.008,0.022,0.022,-0.006,
2149123638,7,5,남성,20~39세,생활가전,세탁기,196,198.0,29,15,forced_alignment,-0.034,156.1,0.0254,0.1004,1.92,15.91,-2.7,-0.018,0.0,-0.084,-0.001,0.028
2149127784,8,4,여성,65~74세,주방가전,정수기,222,223.1,9,5,forced_alignment,-0.019,177.9,0.0316,0.0831,1.8,15.98,-1.7,-0.055,-0.109,0.179,,
2149002672,8,4,여성,50~64세,TV/AV,TV,182,179.1,41,20,forced_alignment,0.03,211.3,0.0421,0.0974,2.46,14.33,-1.7,-0.056,0.096,0.006,-0.108,0.149
2149004008,7,5,여성,50~64세,주방가전,김치냉장고,221,220.0,16,8,forced_alignment,-0.083,209.7,0.0291,0.0633,2.56,14.95,-4.0,-0.134,-0.057,,-0.033,
2148031967,8,5,여성,40~49세,PC/모니터,노트북,202,202.0,33,16,forced_alignment,0.073,199.0,0.0252,0.0794,1.67,13.69,-0.6,-0.07,0.17,0.033,-0.05,
2148025538,8,5,남성,65~74세,주방가전,김치냉장고,130,130.0,28,14,forced_alignment,-0.045,189.0,0.0243,0.0947,1.77,15.28,-2.9,-0.15,-0.105,0.088,0.011,-0.1
2148088233,7,5,여성,20~39세,주방가전,정수기,136,136.0,32,16,forced_alignment,0.019,215.0,0.0528,0.1074,1.82,14.42,-1.4,,-0.045,-0.105,0.083,0.27
2148037677,8,5,여성,40~49세,생활가전,세탁기,185,186.1,38,19,forced_alignment,0.065,246.4,0.0362,0.0983,2.29,17.33,-3.5,0.123,-0.035,0.01,0.323,0.184
2148099703,8,5,여성,50~64세,에어컨/에어케어,공기청정기,134,134.1,26,13,forced_alignment,0.099,213.4,0.0514,0.0859,2.26,16.86,-1.4,-0.156,0.153,0.125,0.069,
2148104985,7,5,여성,50~64세,주방가전,정수기,212,210.0,40,20,forced_alignment,0.047,220.9,0.0306,0.0969,1.88,14.21,-0.2,-0.108,0.058,-0.093,-0.003,0.262
2147035376,7,5,여성,40~49세,주방가전,정수기,147,146.0,29,14,forced_alignment,-0.005,228.3,0.0381,0.0926,2.0,12.17,-0.1,-0.094,0.029,0.136,-0.05,-0.019
2147029829,8,5,남성,20~39세,생활가전,워시타워,216,218.0,36,18,forced_alignment,-0.008,127.6,0.0209,0.0841,1.88,14.39,-1.5,0.091,-0.133,-0.069,0.035,0.389
2147071458,7,5,남성,65~74세,에어컨/에어케어,공기청정기,173,172.0,52,26,forced_alignment,0.008,153.3,0.0179,0.1051,2.53,15.13,-1.1,-0.089,-0.03,-0.016,0.058,0.151
2148058446,8,5,여성,50~64세,PC/모니터,노트북,189,186.1,37,18,forced_alignment,-0.015,226.8,0.0333,0.0753,2.42,13.72,0.6,0.165,-0.14,-0.097,-0.074,0.223
2146010321,7,4,여성,50~64세,주방가전,냉장고,181,181.0,45,22,forced_alignment,-0.072,211.3,0.0259,0.1025,2.06,15.23,-0.7,-0.122,-0.124,-0.081,-0.098,0.056
2146027231,8,5,여성,20~39세,주방가전,정수기,225,224.1,32,16,forced_alignment,0.034,184.6,0.0108,0.1102,2.11,16.21,-1.6,0.01,-0.046,-0.057,0.163,0.257
2146025337,7,4,여성,50~64세,에어컨/에어케어,에어컨,237,237.0,42,21,forced_alignment,0.039,196.4,0.0396,0.0899,1.83,15.34,-1.3,0.071,-0.025,0.008,0.389,0.007
2146040341,8,3,여성,50~64세,주방가전,냉장고,202,202.0,16,8,forced_alignment,-0.011,234.2,0.0405,0.0816,2.04,15.21,1.7,0.005,0.005,-0.127,,
2146053577,7,5,여성,50~64세,주방가전,김치냉장고,207,207.0,42,21,forced_alignment,-0.018,237.3,0.0407,0.0991,2.35,16.59,-1.0,-0.12,0.038,-0.005,-0.043,-0.006
2146023385,8,5,여성,50~64세,주방가전,정수기,163,162.0,36,18,forced_alignment,0.06,271.8,0.0299,0.1189,2.16,14.77,0.4,-0.132,0.076,0.001,0.04,0.22
2146094478,8,5,여성,75세 이상,TV/AV,TV,137,138.0,16,8,forced_alignment,-0.051,210.2,0.0382,0.088,2.58,14.53,-4.4,-0.035,0.02,-0.131,,
2146061822,7,3,여성,50~64세,주방가전,정수기,157,159.1,29,15,forced_alignment,-0.024,215.5,0.0225,0.0811,1.87,18.63,-2.3,-0.025,-0.046,-0.009,-0.05,0.047
2145002876,8,5,남성,40~49세,생활가전,청소기,121,120.0,24,12,forced_alignment,0.034,110.9,0.0255,0.0741,2.04,17.17,-3.0,-0.201,0.067,0.041,0.069,
2145017338,8,5,여성,50~64세,주방가전,정수기,183,183.0,41,20,forced_alignment,-0.026,232.5,0.0257,0.0847,1.93,13.24,-0.8,-0.077,-0.011,-0.078,0.186,-0.046
2145010812,8,4,남성,50~64세,주방가전,김치냉장고,239,238.0,44,22,forced_alignment,-0.006,126.2,0.026,0.0993,2.17,17.29,-2.5,-0.001,-0.024,-0.057,-0.019,0.11
2145006614,8,5,남성,50~64세,에어컨/에어케어,제습/가습기,167,167.0,20,10,forced_alignment,-0.092,183.7,0.0175,0.0884,2.01,11.83,-0.1,-0.205,-0.011,-0.221,,
2145052047,7,5,여성,50~64세,주방가전,정수기,234,235.0,31,15,forced_alignment,-0.048,219.3,0.0496,0.114,2.43,14.34,-2.7,-0.182,-0.057,-0.126,-0.101,0.168
2145083932,7,3,여성,40~49세,주방가전,정수기,208,210.0,17,9,forced_alignment,-0.081,211.3,0.0183,0.0728,1.86,18.75,-1.0,-0.004,-0.118,-0.121,,
2144012030,8,5,남성,50~64세,생활가전,세탁기,219,219.0,43,22,forced_alignment,-0.003,175.5,0.0457,0.1016,2.11,14.64,-3.9,-0.04,-0.061,0.033,-0.026,0.233
2144019466,8,5,여성,50~64세,생활가전,청소기,216,218.0,41,21,forced_alignment,0.029,218.1,0.0339,0.0882,1.86,13.54,-0.2,-0.006,-0.074,0.14,0.021,
2142060587,8,5,여성,40~49세,주방가전,정수기,219,218.0,31,15,forced_alignment,-0.053,230.5,0.0224,0.1135,2.31,14.43,-0.2,0.093,-0.121,-0.168,-0.105,0.041
2142081825,8,5,여성,65~74세,주방가전,정수기,198,197.1,46,23,forced_alignment,-0.08,192.7,0.0312,0.0967,1.55,14.89,1.7,-0.08,-0.091,-0.088,-0.075,-0.004
2142120861,8,5,여성,50~64세,생활가전,세탁기,181,181.0,34,17,forced_alignment,-0.023,236.8,0.0448,0.0913,2.4,14.85,-2.8,0.001,-0.095,-0.076,0.077,0.014
2141012262,8,5,남성,20~39세,생활가전,세탁기,233,234.0,30,15,forced_alignment,-0.064,153.6,0.027,0.1429,2.28,13.94,-3.8,-0.121,-0.13,0.003,-0.084,0.072
2141043863,8,5,여성,50~64세,주방가전,냉장고,171,170.1,39,19,forced_alignment,-0.025,252.2,0.0294,0.1008,1.53,13.79,0.7,-0.063,-0.06,0.02,-0.089,0.076
2141079817,7,5,여성,50~64세,주방가전,광파오븐/전자레인지,146,148.0,13,7,forced_alignment,-0.018,206.5,0.0454,0.0773,2.46,11.66,-2.8,-0.036,-0.044,0.007,-0.108,0.155
2140015156,8,3,여성,40~49세,기타제품,스마트씽큐,227,229.0,54,27,forced_alignment,0.063,228.0,0.022,0.1071,2.28,14.6,0.1,0.146,0.134,-0.029,-0.026,0.284
2140047757,8,5,남성,50~64세,에어컨/에어케어,공기청정기,150,149.0,35,17,forced_alignment,-0.068,192.2,0.0379,0.0972,2.18,15.16,-3.6,0.185,-0.116,-0.115,-0.181,0.115
2140031279,7,5,여성,20~39세,주방가전,정수기,136,138.0,23,12,forced_alignment,-0.017,225.7,0.0244,0.1171,1.6,13.58,-0.6,0.004,-0.184,-0.016,0.249,-0.136
2140034721,7,3,여성,50~64세,주방가전,정수기,140,142.1,28,14,forced_alignment,-0.091,186.7,0.0117,0.1003,2.05,15.62,1.5,-0.127,-0.188,-0.06,-0.031,0.016
2140022808,7,5,여성,50~64세,주방가전,정수기,229,228.0,44,22,forced_alignment,-0.002,202.9,0.0332,0.1153,1.86,13.15,-2.4,-0.161,0.05,-0.009,-0.156,0.103
2139019478,8,5,여성,50~64세,주방가전,정수기,207,206.1,25,12,forced_alignment,-0.012,224.3,0.0291,0.086,1.84,13.0,0.3,-0.152,0.009,-0.094,0.101,0.046
2139049113,8,4,남성,40~49세,TV/AV,상업용 디스플레이,194,193.0,24,12,forced_alignment,0.059,132.0,0.0214,0.0878,2.07,18.04,-3.8,0.148,0.043,0.016,0.081,0.046
2139050304,8,5,여성,40~49세,생활가전,의류건조기,219,221.0,26,13,forced_alignment,-0.037,229.8,0.0462,0.1348,2.27,16.15,-1.4,0.145,-0.136,-0.127,,-0.013
2139063655,8,5,여성,50~64세,생활가전,세탁기,166,167.0,30,15,forced_alignment,0.051,223.7,0.0175,0.0781,1.9,13.59,0.8,0.004,-0.077,-0.057,0.067,0.313
2139083546,8,5,여성,20~39세,생활가전,스타일러,165,163.0,36,18,forced_alignment,0.007,240.3,0.0433,0.0766,1.7,15.19,-0.3,-0.063,-0.018,-0.058,0.024,0.112
2139006880,8,5,남성,50~64세,주방가전,정수기,234,233.1,51,25,forced_alignment,-0.081,144.7,0.0233,0.0933,2.1,14.8,-3.2,-0.147,-0.036,-0.125,-0.107,0.029
2138022114,8,5,남성,65~74세,주방가전,정수기,231,229.0,46,23,forced_alignment,-0.05,164.3,0.0287,0.0995,1.55,15.61,1.5,-0.015,-0.05,-0.045,-0.002,-0.101
2138056693,7,5,여성,50~64세,주방가전,정수기,205,204.1,38,19,forced_alignment,-0.08,226.1,0.0289,0.0864,2.11,14.66,-1.2,-0.206,-0.074,-0.142,0.039,-0.054
2138065230,8,4,여성,20~39세,생활가전,스타일러,212,212.0,44,22,forced_alignment,-0.033,219.2,0.0269,0.1239,1.66,16.87,-0.4,-0.109,-0.001,-0.075,-0.001,0.058
2219060780,1,2,응답을 원하지 않음,,에어컨/에어케어,공기청정기,180,179.1,34,17,forced_alignment,-0.034,230.0,0.0329,0.0936,1.91,16.11,-2.8,-0.07,-0.013,0.026,-0.058,0.0
2219016910,6,5,여성,50~64세,생활가전,스타일러,208,209.0,41,20,forced_alignment,-0.105,177.5,0.0317,0.1337,1.96,14.86,-2.3,0.208,0.008,-0.237,-0.184,-0.169
2218048435,5,5,남성,65~74세,주방가전,정수기,224,224.1,39,19,forced_alignment,-0.1,218.9,0.0259,0.1043,2.14,16.09,-4.1,-0.096,-0.074,-0.065,-0.199,-0.15
2218098291,4,2,남성,75세 이상,생활가전,세탁기,163,165.0,53,27,forced_alignment,-0.062,166.1,0.0478,0.076,2.1,14.19,0.6,-0.079,-0.102,-0.06,-0.073,-0.009
2218100433,6,2,여성,40~49세,주방가전,정수기,126,128.0,29,15,forced_alignment,0.002,268.6,0.0356,0.0788,2.27,11.98,-1.1,0.095,-0.055,0.004,-0.022,0.059
2216031464,5,5,여성,50~64세,주방가전,정수기,203,201.0,33,16,forced_alignment,0.041,236.1,0.0226,0.0653,1.56,12.28,1.0,-0.228,0.035,0.072,-0.172,0.188
2216028326,5,5,여성,50~64세,주방가전,김치냉장고,199,197.1,12,6,forced_alignment,0.023,176.6,0.0404,0.0743,1.52,12.48,1.9,0.06,0.005,,,
2212034006,5,5,여성,40~49세,주방가전,정수기,198,197.1,23,11,forced_alignment,0.023,232.6,0.0316,0.089,1.78,15.13,2.6,0.055,0.014,0.042,,
2212068593,5,5,여성,20~39세,생활가전,워시타워,198,198.0,37,18,forced_alignment,-0.019,211.0,0.0224,0.1037,2.32,18.49,-0.1,0.043,-0.034,-0.046,0.073,-0.116
2212098164,4,4,여성,50~64세,생활가전,세탁기,212,212.0,38,19,forced_alignment,-0.075,208.5,0.0286,0.1045,1.92,12.73,-2.0,-0.17,-0.068,-0.07,-0.051,-0.05
2212093834,3,4,여성,40~49세,주방가전,정수기,181,180.0,40,20,forced_alignment,-0.075,220.3,0.0149,0.1157,2.09,16.47,-0.7,-0.21,-0.103,-0.117,0.13,-0.145
2212080506,5,5,남성,65~74세,TV/AV,TV,154,154.0,25,12,forced_alignment,-0.085,194.5,0.0497,0.0854,1.95,10.52,-3.6,0.063,-0.165,-0.026,,
2211018599,5,4,여성,40~49세,에어컨/에어케어,에어컨,194,196.1,32,16,forced_alignment,0.001,225.0,0.0245,0.0702,1.89,14.56,-1.4,0.038,0.072,-0.065,-0.06,0.144
2211080456,6,5,여성,50~64세,주방가전,정수기,140,140.0,24,12,forced_alignment,0.0,205.4,0.0356,0.0782,1.72,14.01,-0.9,-0.087,0.142,0.041,-0.15,
2210018042,5,5,여성,40~49세,주방가전,정수기,176,175.0,39,19,forced_alignment,0.01,178.6,0.0215,0.1121,1.94,13.92,2.2,-0.146,0.05,-0.068,0.043,0.064
2212046939,6,5,여성,50~64세,주방가전,정수기,191,189.0,38,19,forced_alignment,0.018,205.3,0.0343,0.0797,2.35,17.25,0.1,-0.066,0.063,0.006,0.084,-0.186
2210034103,1,4,남성,65~74세,생활가전,세탁기,121,121.0,19,9,forced_alignment,-0.04,152.8,0.0393,0.0817,1.97,17.02,-1.4,-0.082,-0.067,-0.012,-0.134,0.159
2210022110,4,4,여성,50~64세,생활가전,스타일러,164,165.0,38,19,forced_alignment,-0.005,200.2,0.0238,0.1061,2.16,15.17,-0.8,0.138,-0.045,-0.017,-0.005,0.015
2210081974,5,5,여성,65~74세,주방가전,정수기,203,202.0,12,6,forced_alignment,-0.091,201.8,0.0269,0.087,2.2,14.51,-2.4,0.035,-0.117,,,
2210087364,5,3,여성,40~49세,TV/AV,TV,125,127.0,18,9,forced_alignment,-0.01,237.9,0.0374,0.0858,1.73,16.74,-0.1,-0.005,0.104,-0.088,,0.025
2211008107,2,5,응답을 원하지 않음,,주방가전,김치냉장고,165,164.0,36,18,forced_alignment,0.043,239.2,0.0348,0.0795,2.11,13.3,-0.1,0.048,0.051,-0.019,-0.12,0.255
2208075583,5,1,여성,65~74세,주방가전,냉장고,169,168.1,34,17,forced_alignment,0.011,226.7,0.026,0.1214,2.22,15.96,-4.0,-0.082,-0.034,0.028,0.033,0.098
2205044822,5,5,여성,65~74세,TV/AV,TV,163,163.0,38,19,forced_alignment,-0.025,201.1,0.0304,0.0934,2.19,15.35,-1.2,-0.191,0.062,-0.038,-0.141,0.113
2205062051,6,5,남성,50~64세,생활가전,세탁기,194,194.0,43,21,forced_alignment,-0.043,182.6,0.0396,0.0966,1.98,15.9,-0.9,-0.036,-0.002,-0.086,-0.062,0.043
2205076965,5,4,여성,40~49세,모바일,SMART폰,144,142.1,20,10,forced_alignment,-0.06,192.4,0.0265,0.0762,1.83,14.64,-3.1,-0.072,-0.117,0.043,-0.225,
2205099749,2,4,여성,65~74세,주방가전,냉장고,165,167.0,29,15,forced_alignment,0.011,140.1,0.0388,0.1009,2.14,14.38,-2.9,-0.031,-0.084,-0.034,,0.351
2203010619,5,4,응답을 원하지 않음,,에어컨/에어케어,공기청정기,219,220.0,28,14,forced_alignment,-0.046,214.9,0.0313,0.0873,2.0,15.64,0.4,-0.06,-0.068,-0.19,-0.109,0.249
2203016557,6,4,남성,65~74세,에어컨/에어케어,에어컨,169,171.0,31,15,forced_alignment,-0.053,199.3,0.0314,0.0988,2.15,13.98,-3.6,-0.128,-0.081,-0.031,-0.106,0.061
2202068862,2,5,남성,50~64세,TV/AV,TV,212,213.1,27,14,forced_alignment,0.039,153.1,0.0247,0.0934,2.33,16.42,-4.3,-0.018,0.084,0.018,-0.005,
2201039545,6,4,응답을 원하지 않음,,에어컨/에어케어,공기청정기,148,148.0,17,8,forced_alignment,0.016,216.2,0.0305,0.0893,2.16,14.72,-1.7,,0.024,-0.035,-0.121,0.283
2201081601,5,3,여성,50~64세,에어컨/에어케어,에어컨,225,224.1,56,28,forced_alignment,-0.013,209.7,0.0351,0.0892,1.93,14.83,0.7,-0.037,0.067,-0.007,-0.078,-0.033
2200013245,5,5,남성,65~74세,주방가전,냉장고,231,230.0,57,28,forced_alignment,0.007,144.8,0.0325,0.0942,1.85,13.53,-0.2,0.098,0.003,-0.044,0.018,0.171
2198060190,6,4,남성,75세 이상,TV/AV,TV,154,155.0,30,15,forced_alignment,-0.053,195.6,0.0566,0.067,2.65,15.25,1.8,0.107,-0.094,-0.092,,
2198113137,4,5,여성,50~64세,에어컨/에어케어,공기청정기,205,207.0,49,25,forced_alignment,-0.039,228.0,0.0268,0.1011,2.09,15.6,1.0,-0.043,-0.016,-0.04,0.017,-0.129
2198114571,3,4,남성,65~74세,에어컨/에어케어,제습/가습기,177,179.1,32,16,forced_alignment,-0.023,146.2,0.0415,0.09,2.38,15.65,-2.7,0.095,-0.081,-0.069,-0.021,0.178
2197011706,1,1,응답을 원하지 않음,,에어컨/에어케어,시스템 에어컨,178,180.0,39,20,forced_alignment,-0.129,159.7,0.0343,0.1082,2.03,16.65,-3.8,0.022,-0.162,-0.145,-0.135,-0.171
2196069878,4,5,여성,65~74세,주방가전,냉장고,172,171.0,52,26,forced_alignment,-0.018,192.9,0.0305,0.0983,2.08,16.47,-0.3,-0.177,-0.063,0.033,-0.088,0.222
2194013968,6,5,여성,20~39세,주방가전,김치냉장고,194,192.0,48,24,forced_alignment,0.064,224.1,0.0242,0.0959,1.62,14.63,-1.5,-0.067,0.14,0.0,0.01,0.268
2194015455,3,2,남성,50~64세,TV/AV,TV,155,154.0,34,17,forced_alignment,0.005,162.0,0.0405,0.0714,2.22,16.66,-0.2,0.065,-0.026,0.029,-0.033,0.0
2194027349,5,2,여성,40~49세,주방가전,정수기,158,157.0,38,19,forced_alignment,0.012,243.8,0.0237,0.0855,1.98,14.03,0.1,0.072,0.083,-0.164,0.035,0.423
2194038945,6,5,남성,40~49세,주방가전,정수기,131,132.1,33,17,forced_alignment,-0.055,155.0,0.0247,0.1056,2.21,18.19,1.5,-0.055,-0.217,-0.055,-0.01,0.021
2194076252,5,5,여성,50~64세,주방가전,냉장고,140,141.1,30,15,forced_alignment,-0.024,222.6,0.0389,0.0911,2.06,12.67,-0.5,-0.194,-0.001,-0.12,-0.11,0.39
2194079275,1,3,응답을 원하지 않음,,생활가전,세탁기,116,116.1,10,5,forced_alignment,-0.079,150.8,0.028,0.088,2.27,16.57,-5.2,-0.158,-0.197,0.108,-0.055,-0.095
2194079835,1,2,여성,40~49세,주방가전,김치냉장고,233,233.1,26,13,forced_alignment,-0.096,212.6,0.0314,0.1114,2.19,15.88,0.7,-0.093,-0.039,-0.122,,
2191104356,6,5,여성,65~74세,생활가전,세탁기,225,227.0,35,18,forced_alignment,0.007,180.5,0.0332,0.1072,2.13,17.1,-0.8,-0.001,-0.088,0.1,-0.11,0.292
2190053610,5,5,여성,65~74세,주방가전,김치냉장고,214,215.1,44,22,forced_alignment,-0.035,221.2,0.0245,0.1223,1.97,14.91,-0.2,-0.149,0.007,-0.104,-0.057,0.099
2190036203,3,5,여성,50~64세,주방가전,정수기,213,213.1,36,18,forced_alignment,0.053,208.9,0.0473,0.0853,1.95,12.61,-0.8,0.02,-0.03,0.062,0.036,0.158
2190092799,5,5,여성,50~64세,TV/AV,TV,184,184.0,43,21,forced_alignment,0.056,245.9,0.0443,0.0897,1.57,14.61,0.4,-0.039,0.094,-0.02,0.385,0.079
2189078640,1,5,남성,75세 이상,에어컨/에어케어,에어컨,222,224.1,51,26,forced_alignment,-0.008,172.1,0.0381,0.0902,2.86,15.35,-3.3,-0.042,0.047,-0.025,-0.021,-0.038
2187011407,2,4,응답을 원하지 않음,,생활가전,워시타워,234,236.0,45,23,forced_alignment,-0.085,220.3,0.0312,0.0874,2.3,17.43,-0.7,-0.04,-0.095,-0.242,-0.076,0.121
2187046261,4,5,여성,20~39세,주방가전,정수기,220,222.1,44,22,forced_alignment,0.002,237.0,0.0294,0.0814,2.32,16.37,0.3,0.015,-0.05,-0.023,-0.043,0.131
2184086330,5,3,남성,65~74세,TV/AV,TV,143,142.1,23,11,forced_alignment,0.04,249.6,0.0304,0.0737,2.03,14.27,-1.5,0.222,-0.005,-0.077,0.245,
2184110009,3,5,여성,40~49세,생활가전,의류건조기,196,197.1,53,27,forced_alignment,-0.006,197.7,0.0323,0.0872,2.01,14.31,-2.5,-0.065,-0.106,-0.03,0.025,0.163
2183069405,6,4,남성,40~49세,주방가전,정수기,168,167.0,30,15,forced_alignment,-0.098,160.0,0.021,0.1025,1.81,13.31,-0.7,-0.061,-0.143,-0.049,-0.09,-0.09
2183094892,5,3,남성,65~74세,주방가전,냉장고,142,141.1,26,13,forced_alignment,-0.107,173.3,0.0263,0.088,2.14,14.75,-2.1,-0.274,-0.06,-0.139,-0.096,-0.045
2183078454,5,2,여성,20~39세,생활가전,세탁기,170,169.1,32,16,forced_alignment,-0.055,204.7,0.0325,0.0902,2.3,15.22,0.1,-0.097,-0.101,-0.159,0.009,0.056
2183095540,5,4,여성,40~49세,주방가전,정수기,179,179.1,42,21,forced_alignment,0.005,161.1,0.0231,0.0792,1.98,14.21,3.7,0.001,0.019,-0.096,0.101,0.016
2182048440,5,5,여성,50~64세,생활가전,세탁기,214,213.1,47,23,forced_alignment,-0.008,201.8,0.0197,0.0878,2.27,14.79,-2.0,0.059,-0.03,-0.025,0.042,0.001
2182089597,5,3,여성,50~64세,주방가전,정수기,174,175.0,30,15,forced_alignment,-0.015,206.4,0.0258,0.0872,1.97,14.54,-0.1,-0.027,-0.023,-0.049,0.122,
2182095801,5,3,남성,50~64세,주방가전,김치냉장고,193,195.1,44,22,forced_alignment,-0.024,141.2,0.0222,0.0961,2.12,14.67,-1.5,-0.127,0.047,-0.041,0.014,-0.131
2181022407,5,3,여성,50~64세,주방가전,김치냉장고,204,203.0,53,26,forced_alignment,-0.079,232.1,0.0457,0.1073,2.16,17.92,-3.6,-0.126,-0.1,-0.046,-0.098,-0.093
2181090676,1,1,여성,65~74세,주방가전,정수기,123,125.1,28,14,forced_alignment,-0.084,252.5,0.0367,0.1366,2.0,13.01,0.5,0.018,-0.021,-0.063,-0.265,-0.287
2180009122,5,5,여성,50~64세,주방가전,정수기,147,146.0,36,18,forced_alignment,-0.061,214.3,0.0386,0.0703,1.9,13.9,1.2,-0.125,-0.042,-0.205,0.158,-0.163
2180071677,1,3,여성,50~64세,주방가전,정수기,195,197.1,53,27,forced_alignment,0.107,253.3,0.0361,0.0912,2.12,16.78,-0.6,0.16,0.214,0.027,0.078,0.349
2179018716,2,2,응답을 원하지 않음,,주방가전,냉장고,240,242.1,62,31,forced_alignment,-0.045,209.2,0.0334,0.0984,2.55,16.3,1.5,0.14,-0.06,-0.093,-0.072,0.251
2178012785,1,5,여성,50~64세,TV/AV,TV,133,133.1,33,16,forced_alignment,-0.047,180.3,0.0176,0.1041,2.07,14.53,-1.4,-0.141,0.015,-0.069,-0.191,0.055
2177104763,6,4,여성,65~74세,주방가전,전기레인지,127,126.0,35,17,forced_alignment,0.09,238.2,0.037,0.0781,1.82,14.14,0.7,0.142,0.151,0.085,0.034,0.011
2177036592,6,5,여성,50~64세,주방가전,김치냉장고,194,194.0,44,22,forced_alignment,-0.059,227.1,0.0384,0.0974,2.01,14.83,1.3,-0.043,-0.01,-0.062,-0.179,
2177079117,1,1,응답을 원하지 않음,,주방가전,냉장고,149,151.1,25,13,forced_alignment,-0.017,125.8,0.0246,0.1098,1.8,13.66,-0.6,-0.133,-0.115,0.167,-0.038,0.048
2176006627,6,5,여성,50~64세,주방가전,광파오븐/전자레인지,166,168.1,28,14,forced_alignment,-0.02,190.1,0.0179,0.0835,2.26,16.58,0.0,0.227,-0.081,-0.045,-0.064,-0.029
2176032241,2,2,여성,40~49세,주방가전,냉장고,208,210.0,37,19,forced_alignment,-0.113,219.8,0.0183,0.1273,2.11,18.14,-0.9,-0.157,-0.173,-0.099,0.009,-0.066
2176029904,5,5,여성,50~64세,주방가전,정수기,174,174.0,30,15,forced_alignment,0.025,208.3,0.0297,0.0797,2.06,14.58,0.2,-0.179,0.047,-0.023,0.061,0.097
2176069275,6,4,여성,50~64세,에어컨/에어케어,공기청정기,158,160.1,38,19,forced_alignment,0.015,226.2,0.0186,0.1126,2.25,13.7,0.5,-0.047,0.016,-0.029,0.068,0.104
2175026496,2,5,여성,65~74세,주방가전,냉장고,138,137.0,29,14,forced_alignment,0.024,212.6,0.0295,0.0785,2.29,14.6,-0.7,-0.246,0.006,-0.001,0.176,0.279
2173026041,5,4,여성,50~64세,주방가전,정수기,186,186.1,31,15,forced_alignment,0.006,227.6,0.0253,0.0848,2.39,16.43,-0.9,0.034,-0.099,0.084,-0.001,-0.008
2173004393,1,5,여성,50~64세,생활가전,의류건조기,151,150.1,44,22,forced_alignment,-0.047,197.3,0.0399,0.0837,1.93,13.95,0.3,0.044,-0.115,-0.073,-0.027,0.147
2173032380,5,5,여성,40~49세,주방가전,정수기,236,235.0,42,21,forced_alignment,0.046,244.1,0.0188,0.0893,2.23,13.24,-0.9,0.026,0.041,-0.003,0.072,0.336
2170014504,6,4,여성,50~64세,에어컨/에어케어,에어컨,200,199.0,27,13,forced_alignment,0.034,197.2,0.0349,0.068,1.89,11.41,-2.5,-0.07,0.065,0.006,0.0,0.094
2170106040,5,3,남성,20~39세,에어컨/에어케어,공기청정기,191,190.0,36,18,forced_alignment,-0.094,230.8,0.0311,0.0953,1.8,15.09,-1.5,-0.163,-0.044,-0.136,-0.078,-0.073
2169022026,6,5,남성,20~39세,주방가전,정수기,171,169.1,22,11,forced_alignment,-0.036,158.9,0.0195,0.1108,2.29,14.69,-4.6,-0.018,-0.037,-0.079,-0.029,-0.022
2169015478,1,2,여성,20~39세,생활가전,세탁기,128,129.0,30,15,forced_alignment,-0.024,218.2,0.0337,0.1123,1.43,13.99,0.2,-0.033,-0.02,-0.008,-0.084,0.008
2168025062,4,2,여성,40~49세,에어컨/에어케어,공기청정기,164,166.0,45,23,forced_alignment,-0.018,206.3,0.0143,0.114,1.85,15.71,0.4,-0.164,-0.063,0.055,-0.041,-0.008
2168067209,5,5,여성,50~64세,주방가전,김치냉장고,155,156.0,39,20,forced_alignment,-0.01,300.3,0.0316,0.0875,2.28,14.0,-1.5,0.077,-0.052,0.067,-0.067,-0.154
2167011710,5,5,여성,50~64세,PC/모니터,모니터,232,231.1,39,19,forced_alignment,-0.007,215.1,0.0197,0.116,2.13,16.94,-1.3,-0.035,-0.04,-0.107,0.095,
2166051147,6,1,여성,65~74세,생활가전,세탁기,118,117.0,18,9,forced_alignment,-0.079,243.7,0.0245,0.1187,2.09,15.4,0.0,0.145,-0.112,-0.189,-0.101,
2166083329,5,4,남성,40~49세,주방가전,김치냉장고,131,133.1,22,11,forced_alignment,-0.071,173.8,0.0329,0.0839,2.76,17.28,-4.1,-0.029,-0.156,-0.081,-0.01,-0.017
2166091590,3,5,남성,40~49세,기타제품,스마트씽큐,143,145.0,37,19,forced_alignment,-0.037,148.7,0.0385,0.0933,2.01,17.44,-0.9,-0.014,-0.162,-0.029,-0.006,0.142
2163092084,6,2,여성,50~64세,생활가전,워시타워,138,139.0,22,11,forced_alignment,-0.023,238.2,0.049,0.0881,2.58,15.35,-3.4,0.139,-0.068,-0.079,-0.097,0.021
2161032592,5,4,여성,50~64세,생활가전,청소기,129,131.0,32,16,forced_alignment,-0.042,224.2,0.0303,0.0961,2.46,16.95,-1.1,0.146,-0.122,-0.114,-0.089,0.177
2159019934,5,5,남성,40~49세,생활가전,세탁기,166,166.0,8,4,forced_alignment,0.139,178.6,0.0234,0.114,2.25,14.45,-2.7,0.185,0.124,,,
2159057221,5,3,남성,40~49세,주방가전,정수기,228,228.0,48,24,forced_alignment,0.022,215.6,0.0566,0.0722,2.56,15.33,-3.5,0.073,0.037,-0.035,0.016,0.062
2156047793,3,1,남성,50~64세,TV/AV,TV,147,146.0,22,11,forced_alignment,-0.033,134.7,0.0145,0.1081,2.22,16.15,-2.8,0.039,-0.104,-0.104,-0.101,0.144
2156060709,4,3,남성,40~49세,생활가전,세탁기,154,153.0,37,18,forced_alignment,-0.037,140.0,0.0199,0.0973,1.75,16.57,-1.2,0.168,-0.043,-0.054,-0.176,-0.032
2155020040,5,4,남성,40~49세,생활가전,세탁기,146,147.0,28,14,forced_alignment,-0.029,151.9,0.0256,0.0989,2.29,17.72,-4.9,-0.086,-0.047,-0.14,-0.109,0.205
2155009753,5,5,남성,65~74세,생활가전,청소기,141,141.1,36,18,forced_alignment,-0.052,213.7,0.0412,0.0974,2.18,15.84,-0.6,-0.046,-0.054,-0.048,-0.083,0.019
2155107640,5,5,남성,65~74세,TV/AV,TV,146,148.0,18,9,forced_alignment,0.088,223.6,0.0255,0.0849,2.21,13.36,2.6,-0.166,0.369,0.171,0.028,0.01
2154057624,3,4,여성,50~64세,주방가전,정수기,208,207.0,59,29,forced_alignment,0.009,248.2,0.0304,0.1137,2.07,13.89,-0.5,-0.111,-0.046,-0.008,0.015,0.285
2154083062,5,5,응답을 원하지 않음,,주방가전,정수기,197,193.0,36,18,forced_alignment,-0.076,181.8,0.0172,0.1099,1.74,14.25,0.3,-0.052,-0.131,-0.1,-0.083,0.141
2154099244,2,5,여성,40~49세,TV/AV,TV,187,186.1,42,21,forced_alignment,-0.05,255.0,0.0367,0.0876,2.3,17.29,-2.5,-0.144,-0.064,-0.085,0.034,0.02
2153002360,4,4,여성,65~74세,TV/AV,TV,238,237.0,54,27,forced_alignment,-0.056,256.9,0.0322,0.0756,2.12,15.32,-1.8,-0.201,0.01,-0.05,-0.104,-0.102
2153066717,4,3,여성,50~64세,주방가전,전기레인지,228,228.0,67,33,forced_alignment,-0.048,246.1,0.0269,0.1058,1.93,13.9,-0.3,-0.005,-0.033,-0.085,-0.022,-0.058
2152080817,1,1,응답을 원하지 않음,,생활가전,세탁기,228,227.0,47,23,forced_alignment,-0.101,203.5,0.0163,0.12,2.45,17.24,-2.1,-0.049,-0.035,-0.143,-0.134,-0.074
2152081610,5,4,남성,40~49세,생활가전,세탁기,190,192.0,36,18,forced_alignment,-0.047,148.5,0.0356,0.1063,1.63,16.36,0.4,0.093,-0.102,-0.086,-0.08,0.099
2152061719,5,5,응답을 원하지 않음,,TV/AV,TV,165,164.0,39,19,forced_alignment,-0.092,185.0,0.0177,0.1128,1.82,13.51,0.7,-0.041,-0.027,-0.076,-0.127,-0.168
2148008430,2,5,남성,40~49세,주방가전,정수기,209,208.0,35,17,forced_alignment,0.001,211.2,0.038,0.0945,1.98,18.69,-2.8,-0.147,-0.007,0.042,-0.037,0.024
2148046275,6,4,여성,50~64세,주방가전,정수기,207,206.1,68,34,forced_alignment,-0.071,194.6,0.0468,0.1118,2.12,13.62,-2.5,-0.067,-0.105,-0.048,-0.103,-0.048
2147007311,5,3,여성,65~74세,생활가전,청소기,220,220.0,64,32,forced_alignment,-0.054,232.4,0.0486,0.1031,2.11,16.13,-1.7,-0.149,-0.074,-0.075,-0.062,0.12
2147017228,5,5,여성,50~64세,주방가전,김치냉장고,228,229.0,39,20,forced_alignment,-0.03,206.3,0.0351,0.0732,1.96,12.85,0.2,-0.143,-0.067,-0.194,-0.037,0.269
2147077988,5,5,여성,50~64세,주방가전,정수기,171,171.0,44,22,forced_alignment,0.018,257.1,0.025,0.075,2.1,16.44,1.2,-0.229,0.036,0.0,0.04,0.106
2146042474,3,5,여성,40~49세,주방가전,정수기,150,151.1,35,18,forced_alignment,-0.05,211.4,0.0401,0.1342,1.99,17.15,-1.1,0.025,-0.045,-0.044,-0.121,-0.05
2146052168,5,2,남성,65~74세,생활가전,세탁기,175,174.0,44,22,forced_alignment,-0.09,184.7,0.0368,0.1133,2.61,15.73,-1.5,-0.034,-0.004,-0.14,-0.17,
2146074111,5,4,여성,40~49세,주방가전,정수기,148,147.0,38,19,forced_alignment,-0.031,170.2,0.0227,0.116,2.14,15.11,-2.8,-0.196,0.014,0.035,-0.222,-0.148
2142082244,3,3,여성,50~64세,생활가전,의류건조기,149,147.0,31,15,forced_alignment,-0.07,209.0,0.0239,0.0901,1.98,13.32,-2.5,-0.127,-0.13,-0.005,-0.075,-0.079
2141043178,5,4,여성,40~49세,생활가전,세탁기,198,197.1,57,28,forced_alignment,0.026,251.0,0.0287,0.0986,2.07,14.72,0.1,-0.001,-0.045,0.064,0.006,0.087
2141037452,1,5,여성,50~64세,에어컨/에어케어,에어컨,142,141.1,35,17,forced_alignment,0.067,150.8,0.0434,0.0819,2.1,13.42,-2.7,0.004,-0.073,0.235,-0.045,0.076
2141091485,5,5,남성,20~39세,주방가전,냉장고,184,183.0,37,18,forced_alignment,-0.017,164.7,0.0364,0.0864,2.3,11.34,-2.6,-0.006,0.011,-0.04,0.269,-0.131
2141018697,2,1,여성,50~64세,주방가전,정수기,144,143.1,15,7,forced_alignment,0.014,234.1,0.043,0.1323,2.27,14.38,-4.1,-0.317,0.11,0.069,-0.056,
2141065082,1,1,남성,20~39세,에어컨/에어케어,에어컨,238,238.0,29,15,forced_alignment,-0.037,196.4,0.025,0.0843,2.09,14.84,-0.7,0.029,-0.046,-0.145,-0.066,0.014
2142090452,5,3,남성,20~39세,TV/AV,TV,136,136.0,35,17,forced_alignment,-0.07,151.4,0.023,0.1012,2.07,14.75,-2.8,-0.213,-0.078,-0.138,0.012,0.068
2140018246,2,4,남성,50~64세,PC/모니터,노트북,194,194.0,30,15,forced_alignment,-0.087,125.8,0.019,0.0968,2.67,16.23,-2.8,-0.075,-0.015,-0.09,-0.306,
2140020669,5,5,여성,40~49세,주방가전,식기세척기,127,126.0,18,9,forced_alignment,0.085,204.9,0.0355,0.0818,1.68,13.06,0.2,-0.125,-0.101,0.221,0.296,0.066
2139064049,6,4,여성,65~74세,에어컨/에어케어,공기청정기,192,194.0,36,18,forced_alignment,-0.059,258.3,0.041,0.1013,1.88,15.14,-1.0,0.032,-0.102,-0.049,,-0.003
2138034935,5,5,여성,50~64세,TV/AV,TV,178,177.1,44,22,forced_alignment,0.025,188.9,0.0192,0.1021,2.27,13.63,-1.1,0.094,-0.033,0.077,0.016,-0.047
2138052283,5,3,여성,40~49세,PC/모니터,노트북,207,203.0,41,20,forced_alignment,0.003,232.9,0.0353,0.0901,1.91,15.09,-1.3,-0.137,-0.008,0.039,0.002,0.038
2138099079,1,2,남성,20~39세,주방가전,정수기,231,230.0,41,20,forced_alignment,-0.008,151.7,0.015,0.0798,2.15,16.58,-0.8,-0.063,-0.017,-0.048,-0.062,0.289
2138089443,5,5,여성,50~64세,생활가전,워시타워,160,159.1,30,15,forced_alignment,0.002,219.7,0.0501,0.0822,1.69,13.19,-0.6,0.377,-0.135,0.029,0.012,
2135014025,8,5,여성,65~74세,TV/AV,TV,242,242.1,48,24,forced_alignment,-0.063,231.6,0.0246,0.1087,1.99,13.95,-0.5,-0.139,-0.015,-0.103,-0.045,
2135094907,8,5,여성,50~64세,생활가전,세탁기,251,253.0,79,40,forced_alignment,-0.001,202.4,0.0294,0.0921,2.04,15.02,-0.1,0.067,0.004,-0.046,-0.045,0.101
2134098664,8,5,남성,40~49세,생활가전,세탁기,291,293.0,51,26,forced_alignment,0.002,143.5,0.0219,0.105,2.11,16.7,-1.3,-0.006,0.031,-0.043,0.009,0.062
2127041550,8,4,남성,65~74세,TV/AV,TV,281,283.0,58,29,forced_alignment,0.01,174.0,0.0392,0.0686,1.91,13.93,-1.0,0.093,0.014,-0.003,-0.062,-0.093
2127063284,8,5,여성,65~74세,에어컨/에어케어,공기청정기,244,246.0,57,29,forced_alignment,-0.05,225.9,0.0334,0.0857,2.0,15.61,-0.4,-0.018,-0.086,-0.112,0.008,0.08
2126042858,8,5,여성,20~39세,에어컨/에어케어,에어컨,265,264.0,45,23,forced_alignment,-0.052,227.4,0.0198,0.1196,2.04,16.05,0.0,-0.138,-0.048,-0.035,-0.021,-0.036
2125003395,8,5,여성,50~64세,에어컨/에어케어,시스템 에어컨,275,275.0,48,24,forced_alignment,-0.022,207.3,0.0386,0.1068,2.18,16.78,-1.4,-0.117,-0.067,-0.121,0.137,0.175
2125060184,8,5,여성,50~64세,에어컨/에어케어,환기시스템,256,258.1,44,22,forced_alignment,0.015,171.6,0.0312,0.0914,1.81,13.44,-0.8,-0.153,-0.123,0.043,0.241,0.106
2125049805,8,5,여성,75세 이상,주방가전,냉장고,299,301.0,65,33,forced_alignment,-0.039,219.6,0.0121,0.1191,2.16,18.02,0.0,-0.093,-0.125,-0.076,0.093,0.032
2121090927,8,4,여성,40~49세,생활가전,청소기,263,263.0,54,27,forced_alignment,0.025,232.2,0.03,0.0973,2.42,15.17,-0.8,-0.142,-0.001,0.069,0.034,0.131
2119057093,7,3,남성,40~49세,주방가전,식기세척기,267,266.0,48,24,forced_alignment,-0.056,174.6,0.0292,0.0875,2.09,15.18,-2.3,-0.07,-0.074,-0.045,-0.081,0.057
2119080195,8,5,여성,50~64세,주방가전,광파오븐/전자레인지,298,298.0,62,31,forced_alignment,0.009,210.4,0.0354,0.1035,2.25,13.92,-0.8,-0.081,-0.077,0.075,-0.007,0.292
2117008274,7,4,남성,50~64세,에어컨/에어케어,공기청정기,264,269.1,36,18,forced_alignment,-0.037,183.7,0.0264,0.0808,2.31,16.94,-2.8,0.036,-0.032,-0.056,-0.035,-0.076
2118018989,8,5,여성,40~49세,생활가전,스타일러,282,281.0,70,35,forced_alignment,-0.032,217.8,0.0275,0.1157,2.29,16.3,-1.8,0.002,0.0,-0.122,-0.112,0.083
2111024437,8,4,남성,20~39세,주방가전,냉장고,289,290.0,19,10,forced_alignment,0.039,140.2,0.0173,0.0864,2.13,15.8,-3.3,0.014,-0.063,0.134,,
2111126728,7,4,여성,65~74세,에어컨/에어케어,시스템 에어컨,261,261.0,78,39,forced_alignment,-0.019,246.6,0.0297,0.1034,2.0,14.59,-0.4,-0.085,0.037,-0.046,-0.042,0.037
2111131344,8,4,여성,50~64세,에어컨/에어케어,공기청정기,279,278.1,60,30,forced_alignment,-0.067,230.0,0.0304,0.0882,2.24,13.32,-2.6,-0.103,-0.135,-0.067,-0.019,0.043
2110013031,8,5,남성,20~39세,주방가전,전기레인지,263,265.0,50,25,forced_alignment,-0.066,196.1,0.0211,0.133,1.67,16.1,-0.8,-0.001,-0.044,-0.083,-0.094,-0.122
2110009912,8,5,여성,50~64세,생활가전,스타일러,249,248.0,86,43,forced_alignment,0.039,193.8,0.0334,0.0905,1.69,13.31,0.6,-0.02,0.085,0.008,0.005,0.149
2110023061,7,5,남성,40~49세,주방가전,냉장고,262,261.0,27,13,forced_alignment,0.003,145.1,0.0236,0.0754,1.93,15.4,-1.9,-0.203,0.051,-0.092,-0.172,
2110040069,8,5,남성,50~64세,PC/모니터,노트북,276,274.0,16,8,forced_alignment,0.074,158.7,0.0207,0.0735,1.75,13.6,-0.5,0.14,0.02,0.094,0.134,
2107053072,7,3,남성,65~74세,생활가전,안마의자,246,246.0,66,33,forced_alignment,-0.062,175.4,0.0421,0.1115,2.12,13.92,-2.2,-0.155,-0.069,-0.031,-0.077,-0.047
2107054177,8,5,여성,65~74세,생활가전,스타일러,291,288.0,15,7,forced_alignment,-0.083,257.4,0.0314,0.1085,2.13,14.65,-2.8,0.015,-0.156,,,
2107109647,8,5,응답을 원하지 않음,,에어컨/에어케어,에어컨,249,248.0,12,6,forced_alignment,0.014,212.5,0.0176,0.1139,2.24,14.91,0.7,-0.071,0.098,,,
2105006691,7,3,여성,50~64세,주방가전,정수기,247,246.0,14,7,forced_alignment,-0.115,178.8,0.0231,0.0914,1.68,14.35,-2.4,0.034,-0.139,,,
2105012987,8,5,여성,65~74세,주방가전,광파오븐/전자레인지,262,264.0,37,19,forced_alignment,-0.05,236.9,0.0236,0.0919,1.96,15.74,-1.3,0.045,-0.143,-0.073,0.172,
2105090343,8,4,남성,50~64세,주방가전,김치냉장고,253,255.0,38,19,forced_alignment,0.051,189.4,0.0665,0.0806,2.04,14.49,-3.0,0.075,0.03,0.009,0.047,0.14
2104020147,8,5,여성,40~49세,TV/AV,TV,267,266.0,51,25,forced_alignment,-0.066,150.5,0.0234,0.109,2.3,16.95,-3.2,-0.114,0.019,-0.138,-0.072,-0.061
2104071946,8,5,남성,50~64세,주방가전,냉장고,267,267.1,39,19,forced_alignment,0.005,158.9,0.0334,0.103,2.2,16.76,-3.4,-0.087,0.096,-0.064,-0.055,0.194
2103056371,8,5,여성,50~64세,주방가전,냉장고,278,276.1,73,36,forced_alignment,0.011,211.0,0.0257,0.0886,2.18,17.54,-0.4,0.181,-0.025,-0.008,-0.004,0.043
2103072887,8,5,남성,50~64세,생활가전,세탁기,287,288.0,33,17,forced_alignment,-0.041,145.2,0.034,0.065,2.32,15.18,-3.7,-0.008,-0.158,-0.052,-0.133,0.152
